这消息准确么？,0
可能性极低！所谓内幕来自来哪？！,0
真的假的？,0
可能是假的,0
真的假的呀,0
这消息靠谱吗？,0
真的假的？,0
这个可信吗?,0
是不是哦？,0
是谣言还是事实～,0
是真的咩？如果真这样京东就更有优势了,0
要真属实，我会联想到马云说过去一年跟领导们开的会，那会是怎样的会！,0
如果实行，那各种优惠券，兑换券，领用券；实体店又要新起了,0
真的假的…,0
真的假的？？？,0
可能性极低！所谓内幕来自来哪？！,0
可能么？上百万c店卖家肯？,0
"彩票""游戏点卡""门票""充值卡""各类票卡""想不出还有什么""估计这消息是假的""",0
如果真这样，淘宝天猫就等死吧！,0
真的假的?,0
可靠吗？消息,0
可靠吗真的假的？,0
这传闻似乎不太靠谱,0
真的假的呀,0
真假不知，去打听下,0
真的假的？,0
真的假的,0
真的假的啊……,0
真的假的啊？,0
@是真的假的？？,0
是真是假啊？,0
是真是假啊？,0
信息属实吗？,0
不知是真是假,0
是不是真的？,0
真的假的？！十万火急-----谁的群多？请帮忙转一下：一个甘肃打工者，22岁，叫王瑞博，不知道在什么地方，请他速回甘肃，直接到华亭县第一人民医院。家中失火，父母双亡，妹妹伤势很严重，想见他最后一面。舅舅电话：18993373673――爱心接力。（甘肃省华亭县步行街西关社区党委刘斌托谢,0
不知行不行呢？,0
真的假的！！！,0
真的假的啊？？？那个时间，我应该刚刚过了礼士路,0
真的假的。。。在外出差无法确认是否当时有停运啊。。。,0
真的假的啊？哇靠！,0
先别急着发火这样的事是否属实还未可知,0
请问这事儿靠谱吗？,0
真的假的?不可能吧?,0
这是真的吗？,0
不知是真是假~但是无风不起浪啊~,0
求求辟谣如果这是真的，又不能说脏话，我就无话可说了,0
"真的假的""这么2",0
真希望这是谣传,0
考证帝，求真相,0
求证。。。,0
求真相!人民的钱怎么这样遭贱!,0
是真是假？,0
不太可能吧,0
此传言是真是假，如若是真，究竟为何？,0
真的假的？,0
这是真的吗,0
据说是假消息,0
：是真的吗？,0
真的，假的？,0
是真的吗？,0
真的假的？！,0
真的假的~~~,0
真的假的？,0
真滴还是假滴啊？？上次王案期间，网上也有传闻说李登辉心脏病突发死亡了。,0
是不是真的？,0
是真的么？,0
真的，假的？,0
真死了假死啊？,0
真的假的？,0
真的假的~~~,0
死了多少回，又死了？,0
真的假的？,0
真的吗？国库岂不成了某些人的私人保险箱？！！,0
真的假的，我们三明有黄金库？？,0
真的假的？,0
真的假的？,0
真的假的？,0
真的假的啊,0
真假未知，表乱发！,0
真的假的~！三星很霸气啊~！,0
真的假的啊,0
这是真的吗。。。,0
真的假的呀！！,0
真的吗?samsung这招够毒的~,0
真的假的？这也太损了吧。。。,0
真的假的！！太牛了吧,0
真的假的？,0
真的假的啊这事,0
真的假的？,0
真的还是假的啊？,0
真的假的？太强了,0
好像是假新闻,0
真的假的~~NB,0
真的假的？这打情骂俏的。。。,0
真的假的！！！,0
真的假的？,0
真的假的。。。,0
真的假的~哈哈,0
真的…………吗？,0
真的假的？,0
真的假的啊，太狠了。,0
真的假的？棒子越来越没品了,0
真的假的啊！,0
真的假的啊跟中国人学的吧,0
真的假的？,0
真假的！？太霸气了。,0
这是真的？,0
这是真的吗。。。,0
真的假的呀！！,0
擦~~真假的？？！！！,0
真的假的？,0
真的吗?samsung这招够毒的~,0
真的假的？这么小心眼？,0
真的假的，棒子该气死了思密达，他们会申诉的思密达……,0
真的假的？,0
真的假的…,0
介个是真的么，太逗了,0
真的假的？,0
真假的？有情绪,0
这是真的吗？,0
真假的……,0
这是真的么？,0
"真的假的""",0
真的假的？,0
真的假的？,0
真的假的？！棒子的无耻又升级了！！！,0
真的假的啊棒子好坏啊~~~,0
真的？假的？韩国人太鸡毛恶心了吧......韩国的东西真心不好..,0
真的假的啊？,0
这个新闻是真的吗？,0
是真是假？如果是真的太有个性了,0
真的假的？,0
真的还是假的啊？,0
真的假的~太有才了~~哈哈哈~~~,0
这是真的吗,0
真的假的啊！,0
真的假的……,0
真的假的。。,0
真的假的？,0
啊真的吗？,0
真的假的？,0
真的假的？,0
真的假的？三星也太牛了吧。,0
美国不收点钞费吗？,0
真的假的？这打情骂俏的。。。,0
真的假的！！！,0
真的假的？管他呢～三星，苹果我都要!,0
真的假的？三星还颇有中国煤老板的风范,0
真的假的。。。,0
真的假的？,0
真的假的啊。。。其实我用的也是3星,0
虽不知真假，但三星本来就是Shi一般的存在。,0
日真的假的,0
真的假的阿！,0
真的还是恶搞？,0
真的假的？难道杠上了。,0
真的假的--那么直接..偶像啊.,0
真。。。真的吗？！,0
这是真的么？,0
真的假的63年颤抖,0
真的假的啊？！,0
这真的假的！！,0
真的吗？真的吗？？？,0
真的假的？这天下怎么这么多少女姐姐！奇葩奇葩,0
真的假的，我一直以为她是台湾人。,0
是真的吗？是的么？求真相啊！！！！,0
真的假的，我曾经以为她是个青春美少女,0
这是真的么？,0
真的吗？真的吗？真的吗？,0
卧槽这真的假的难以置信。。,0
靠！真的假的？,0
真假？之前看她不是美女作家么？照片也是个八零后啊？,0
这是真的么,0
！！！！真的？？？,0
真的么。。,0
这……真的？,0
真的？假的？,0
这真的假的？,0
。。。是真是假？,0
真的吗？求真相,0
腾讯也造谣？,0
真的假的？海迪姐姐曾是多少中人的W楷模啊！F在做日本人了？,0
这个........真的假的？去鸡盆国了？匪夷所思啊,0
真的假的?如果是假的，那就没意思了!,0
是真的吗？,0
这个........真的假的？去鸡盆国了？匪夷所思啊,0
这是真的吗,0
是真的吗？,0
真的假的？,0
真的还假的,0
真的假的，配图太血腥,0
真的还假的,0
求解答，这事儿是真的吗？？？,0
凶手抓住了?,0
真的假的？,0
真的假的？,0
真假的？！?,0
really?,0
真的假的？,0
真的假的？,0
真死啦？年轻的时候很帅的。,0
真的假的。我很喜欢他,0
真的假的？,0
五块钱能在火车上买到饭么？。。。,0
这个记者，写童话出身的？,0
咋？央视穿越回去了？？！,0
央视？5块！,0
这个盒饭的盖子能盖上么？,0
5元一份是哪年的？,0
真的假的？？？,0
真的假的？？？,0
真的假的？,0
这不会是真的吧。,0
是不是真的？有这样开心的事！,0
是真是假？真真假假，等待真相粗来。。,0
好似拍戏睿是剧照吗？求辟谣,0
真的假的，腐败无孔不入啊，这些女人是法官吗？,0
真的假的？,0
可能是我搞错了,0
这是真的吗?,0
这是不实消息吗？,0
要是真的，这都赶上黄世仁了。,0
真的假的？,0
真假？求证实。,0
真的、假的？,0
真的假的，腐败无孔不入啊，这些女人是法官吗？,0
真的假的？,0
真的假的？,0
这是真的吗？,0
应该是假的，这个人去年因为和邻居打架动刀了，现在应该被拘留着呢,0
真的还是假的呀？,0
建议用非遗的方式处罚：绑起来被众人摸,0
如果是真的，这个社会就剩下两字：丑恶,0
真的，假的,0
这是真的吗？,0
真的假的?,0
是真的吗？求出处！,0
这是真的吗?,0
次奥，真假？,0
去年的新闻讲的好像不是这个版本？,0
真的假的啊,0
真的假的？,0
是真造假还是假造假~~~不可而知！！！,0
猴哥真的走了吗？,0
啊?真的假的？不敢相信了，猴哥一路走好,0
真的假的？,0
真的假的？,0
如果是真的，干部和司机都该枪毙,0
如果这不是造谣，就特么太差劲了！！！,0
如果是真的，干部和司机都该枪毙,0
如果这不是造谣，就特么太差劲了！！！,0
真的假的哦？,0
这真的假的啊？监狱这么弱？,0
真的假的哦,0
…真的假的~?,0
如果这是真实的，那么，这个社会不是很黑暗么？国家专政机关不是很软弱吗？还是不作为？,0
估计是假的。,0
如果这是真的，那么这社会是否该重新洗牌呢？？,0
真的假的？没看到报道啊,0
真的假的？,0
但是假的。,0
但愿不是真的。,0
但愿不是真的。,0
真的假的？,0
要是消息是真的，那。。。天朝特别是江西的政坛可要。。。我不敢再想了。。。,0
如果属实，这才是真抓蛇。,0
如果被抓属实，我更相信是被保护起来。不过也确实应该关起来的，他手上太多丢人的“国家机密”了,0
如果消息确切，说明政府在正视这个事情，那么对这个政权咱还抱一点希望。/不知道是哪来的”快讯”，不知道消息是否确实，不知道逮捕王林是否有确切证据。江西朋友告诉我，江西的媒体禁止报道王林。现在一时间无法查知事情的真实性。我一直看好中央巡视组，希望进驻江西之后能够把,0
如果是真的，王林不会半路一发功，坐上筋斗云开溜了吧。呵呵,0
果真如此的话，纪委应先给马云颁奖。,0
如果是谣言，小猴子你就被封号了啊！,0
消息可靠吗？,0
我有点怀疑这是真的。,0
是否确切？若真的，下面将有许多人会以各种方式出来为自己澄清！有的看咯！,0
若属实，不会因为所谓气功，大抵是因为官商掮客和利益输送,0
如果这是真的那么唯一原因是他ス獾哪切┱掌暴露了太多东西给照片的另一些人抹了黑…但这消息怎么看怎么像假新闻。,0
如果属实，司马南要注意与其保持距离，否则有被戳死的可能。,0
真的假的？,0
真还是假？,0
如果属实，这才是真抓蛇。,0
真的假的啊。这么快啊,0
这是真的吗？如果把和王林有关系的贪腐官员连根拔起，一层一层剥开，这无疑是一场有史以来最大的政坛地震。就看老王和老习，中央巡视组有没有这个能耐，能耐到底有多大，又有多坚决了？,0
但愿是真消息！,0
希望不会是谣言,0
真的假的？为什么韩寒批了这么久就没有被公安带走了，都是大骗子啊！,0
我有点怀疑这是真的。,0
若属实，真可谓，大快人心。,0
若属实，不会因为所谓气功，大抵是因为官商掮客和利益输送,0
这是真的吗？,0
若属实，不会因为所谓气功，大抵是因为官商掮客和利益输送,0
如果这是真的那么唯一原因是他ス獾哪切┱掌暴露了太多东西给照片的另一些人抹了黑…但这消息怎么看怎么像假新闻。,0
那如果是真的.等著@天地泣鬼神吧.@f蹲10年大卺岢龃蟮斡竦娘淫!本砭褪囊!,0
真的假的。。。,0
真的吗？难以置信！,0
真的？？？,0
是真的么，此论堪比当年周公说妓女在台湾啊。,0
真的假的？！这么奇葩？！,0
我不信是真的！要是真的话，我太佩服我们的发言人了……这样的说话逻辑我在菜市场、公交车上、田间地头才能看得到,0
这是真的吗？要是真的就太牛了。,0
这是真的吗？闹国际笑话了。,0
假如是真的，政府这种玩弄文字、撒泼耍奸的贯用手段已让全世界人民笑话。,0
如果她真是这么说的，那真是条汉子！,0
怎么可能是真的，扯犊子,0
这个如果是真的，只能跪一个了。。,0
不是真的吧。希望不是真的，否则那就真是无知到无畏，无赖形象坐实了,0
如果真是她说的，说明我们这条船真的没救了！,0
真的吗？难以置信,0
不会是真的吧？要是真的，丫肯定下岗了啊,0
不会是口误吧？？,0
不会吧？真的没黑她?,0
真的假的？？？？,0
真的假的啊~~~~难以置信，这就是泱泱大国的外交？,0
应该是谣言，可以换一种说法，美国使馆检测的只是使馆所在地，三环附近的空气质量，北京市出的检测结果是整个北京市的空气质量，所以数据有较大差别。,0
假的吧。。。,0
确定是真的吗?真的吗?真的吗?,0
此信息真的话，就难怪了。也就难怪顶级媒体法人微博接二连三不问青红皂白转、各路媒体法人微博纷纷转。坐等北京市西城区调查，坐看各家各户的表演。咱还是推迟一点，出演跟的独角戏好了！,0
如果属实简直不配为人父，为制造新闻竟以九岁小孩为饵。,0
消息属实的话，这个事情是什么性质什么目的就很明显了，这群唯恐天不乱故意制造事端新闻的媒体人就是社会渣宰，这个利用未成年女儿炒作煽动对立的田主编不配为人父母,0
如果真的是新京报所谓，那我觉得调不调查已经没有必要了。这种无底线报纸。,0
图片真的？,0
你是她朋友的话，他成绩怎样你不知道？,0
不觉得这事情是真的。,0
真的假的？！,0
好像有点不讲理,0
这个事情如果是真的，只能说明我们国家的考试制度存在很多毛病。如果这个事情是假的，也只能说明我们国家的考试制度会让某些心理素质差的孩子产生变态的心理。这个孩子今天可以利用社会舆论，那后天大后天呢？这事成也高考，败也高考。,0
若造谣必须严惩不贷,0
兄弟说不定是真的呢？对不,0
真的N，,0
是假的话，拿这个炒作，实在太无聊了,0
如果是真的，那真的恐怖！,0
若是真的，支持查卷~这样谁是谁非就明了,0
祝早日找到孩子,0
好可爱啊愿平安,0
报警了没？快联系媒体报道呀！,0
希望小女孩能在大家的关注下平安回怼,0
好漂亮的女孩。希望早日找到,0
为了孩子，请转发。祝愿孩子早回家,0
这孩子如果找不回来。这辈子就悲惨了。现在人贩子太恶心了。我操,0
好可爱啊，希望早日找到回自己家。,0
好可爱的小姑娘，希望早日找到她。,0
看评论说是假的？现在这是什么情况？,0
为啥说是假的？？求真相,0
昨天还说是上海大润发，到底哪个真。,0
和我闺女一般大，这些人渣贩子，望快转让宝贝回到父母身边,0
会不会是假的,0
好可爱的小女孩，希望能早点找回,0
帮忙转发，不管是真是假，至少自己良心过地去,0
生个孩子多不容易啊。。这世道唉。。扩散！希望能找回来，虽然机会渺茫,0
好可爱的宝宝，祝愿早点找回来,0
好可爱，怎么可以这样,0
真是个美人坯子，希望她有幸福的童年,0
好萌的小妹妹为你祈祷~,0
好像是真是吧,0
好可爱的女孩子...假消息？,0
好几天了好像,0
#微言微议#香港人是如何知道这个信息的，信息可靠性如何，孩子的家人呢！别是吸费电话！扩散扩散，这孩子太可爱了,0
小妹妹好乖，帮扩散，希望能尽快找回来..,0
不是上海大润发超市吗？内容一模一样！就是城市和联络人不一样！！！到底是不是真的！！！愚弄网民！！！！,0
"不是上海大润发超市吗？内容一模一样！就是城市和联络人不一样！！！到底是不是真的！！！愚弄网民！！！！！""",0
这貌似在车上拍的吧,0
混粉丝的？,0
多可爱漂亮，坏人真多！愿早日找到,0
祝早日找回，看到请帮忙转发,0
逗我开心？？？,0
希望早点找到,0
好可爱的小萝莉，命运多叵！希望早点回家！,0
哦，真的吗？那就太不道德了吧！,0
小女孩，没有被拐就行。,0
哭都这么可爱，谁如此狠心,0
希望早点找到,0
不要啊，这么可爱的娃,0
哦，真的吗？那就太不道德了吧！,0
好可爱的小孩，希望可以找到,0
家长去公众场合一定要万分注意，希望早日找到,0
这么可爱的小女孩？不会吧？大家快帮忙转一下吧！,0
小女孩这么可爱。。。希望一定找到,0
啊？不是吧,0
已经鉴定为虚假信息了吗?,0
为什么不救他而是拍照,0
干嘛拍照不救人，一直不理解此类照片，竖中指还差不多,0
干嘛不救？还拍照！,0
为啥不救人？,0
真的假的？,0
希望不要祈祷一下,0
啊？不要把！,0
真的假的啊？~~~~,0
不会吧！！！这么、、、、、但愿不是真的,0
不是吧？真的假的？,0
求真相希望不会,0
希望不是真的..,0
！！！！求真相。。。！！！！,0
希望是谣言,0
啊，真的假的？,0
真的假的？,0
真的假的~~~~~~~~~,0
希望不是真的……,0
啊，不要！,0
不希望是真的,0
真的假的呢？..,0
不会吧还是调查清楚再说,0
跟进消息，希望是假的。靠，媒体现在怎么都不负责任。,0
希望是假的啊~,0
希望不是真的，保佑阿。,0
转发此微博:这不是真的吧？？,0
真的假的??,0
希望是谣传！！！,0
天哪，希望不要是真的，我非常喜欢这老爷子的,0
我滴亲七舅老爷啊！真的假的啊！,0
希望不是真的。,0
这~这确定是真的吗？我要哭了！我也是金庸迷啊！,0
真的假的？不肯定就别乱说！！！！,0
天啊，希望是假的。。。还是传言你就放上来啊,0
大家稍安勿躁，我们都希望是假的,0
希望这不是真的…,0
真的假的？关注~~~,0
千万要是假的呀！,0
转发此微博:求真相,0
？？？？？？？？求确认！！,0
但愿这是一条假的消息！,0
真的假的？？？？？？,0
不会吧！是真的吗？如果是的话，真的很可惜，武侠江湖，还需要很多的大侠来行侠仗义呢？,0
转发此微博:到底真的假的啊！,0
如果是假的，造谣者就不得好死！！！,0
我擦真的假的,0
哇真的假的,0
转发此微博:、不要、,0
祈祷祈祷・・・千万不要是真的!!!!!!!,0
天呐！不要！,0
真的吗?大侠…,0
转发此微博:祝福他老人家!希望这不是真的,0
转发此微博:我不要相信！他在我心中是和琼瑶阿姨一样的地位！希望他健康平安。,0
啥啥啥啥，千万别是真的啊~~~~~~~~~,0
希望不要啊!!!,0
哇你会吧我也算个金庸迷啊望他老人家平安无事,0
真的吗？？？！！！！！！！！！！！！,0
噢~！天啊~！我希望这是假的~！,0
转发此微博:真的？,0
希望是假的...要平安才好...,0
希望不是真的！,0
希望不是真的。,0
希望不是真的！,0
希望不是真的,0
转发此微博:真的还假的啊？？！,0
真的假的？,0
刚在天涯上看见有人说...希望是假的!,0
你是一个神话，永远祝福你，希望一切都是传言…,0
转发此微博:系真唔系？,0
真的假的啊。。,0
作为一个毕业论文写金庸小说并且得到了优的中文系学生，我希望这是假的！,0
希望不是真的...,0
转发此微博:啊？？？是真的么？！,0
祈祷不要是真的,0
是真的吗？,0
真的假的？？？？,0
金庸去世了？,0
转发此微博:流言传来传去...到底?,0
真的假的？,0
希望不是真的！,0
希望不是真的...！,0
转发此微博:真的假的！！！一代大师。。。,0
希望只是个传言！为金大师祈祷！！,0
是不是真的啊？新浪快快落实一下啊？这种传言不好传的哟,0
靠不会吧，希望是假的，拜托了,0
但愿是假新闻，愿金庸先生平安！,0
真的假的？？？？？,0
转发此微博:希望是假的，金大侠……,0
关注，关切，希望不是真的！,0
希望是假的。,0
希望不会是真的！,0
希望事是假的，谁这么损的嘴诅咒金大侠,0
到底是真的还是假的？之前和这个相关的微博都被删除了！,0
已经证实了？,0
额。。。求辟谣,0
真的假的，我不太相信,0
真的咩？？？,0
高度关注真的假的？,0
不会吧，希望这是谣言，祝福,0
希望不是真的,0
希望是假消息，放这样的传言也未免太不厚道,0
希望@消息是假的.....金庸先生的作品我看得不多....不^他的文句真的令我著迷,0
希望只是传言,0
转发此微博:啊！？,0
转发此微博:但愿是假的！,0
同求真相!,0
转发此微博:惊！不会是真的吧,0
转发此微博:传言？真假啊,0
希望这不是真的啊！！！！,0
不是吧！！！,0
真的吗？！！,0
转发此微博:噢!不!我还正在看金庸全集!!!,0
希望是假的！！！我最爱的作家啊！！！他的作品伴随我整个中学时代！！！,0
不是吧！！！！！,0
我最近在狂看金庸的原著改编的影视剧，不是这么诡异吧~~~千万别是真的呀！,0
转发此微博:真的假的啊！,0
真的假的啊？？？,0
赶紧核实！,0
转发此微博:不会是真的吧,0
期望是假的啊……！等最终确认中……TAT~~~,0
求真相...,0
希望是假的啊！　！！保佑！！,0
真的假的，一代大侠,0
一定要是假的啊，接受不了，我最爱的作家,0
能不能告诉我这条不是真的。。。天呢。。。关于童年的一个回忆啊。。。不能这么破灭吧。。。现实太残酷。。。,0
真的假的啊？求证ing。。。,0
刚刚还在谈论这个、真的会是真的么？、、希望现在的“祈福”也不晚、、、,0
真的假的啊？？？？,0
神马？！赶紧的核实清楚！！！,0
转发此微博:别呀……不要走！！！,0
转发此微博:但愿是假消息,0
真的，假的？,0
真的假的！震惊！,0
希望这不是真的！,0
求真相。。。,0
转发此微博:希望不是真的才好。,0
转发此微博:不是吧！希望这件事不会是真的！,0
希望是假的！,0
转发此微博:真的假的…,0
求证！没事吓人可不好！,0
金庸去世？！,0
大，e走。。但甚N都是假的。。。,0
不要啊，我敬重的金庸！！！,0
但愿只是谣言！希望金老爷子健健康康的！,0
转发此微博:上天保佑他，我家能^m碛芯神寄托。,0
转发此微博:啊，啊，啊！不会吧，希望是假的吧！菩萨保佑老先生！,0
真的假的啊？！别这么突然啊，老爷子！,0
到底真的假的。。新浪娱乐这个可不能娱乐啊汗。。。,0
求真相。。不要这么猝不及防。。,0
真的假的啊？？？？,0
转发此微博:震@！真的假的。。。,0
转发此微博:不是吧？！,0
希望金大侠安康,0
希望是假的,0
希望老爷子没事。。希望这个消息是假的,0
真的假的啊。。,0
真的假的？,0
真的假的！！！！,0
really？！,0
真的假的？,0
拜托这都是假消息，你们没有证实就随便乱传！！！,0
如果是谣言，那第一个散播谣言的人不得好死！！！,0
神保佑呢个系假消息！,0
转发此微博:求证啊！,0
真的假的？？？！！！！,0
转发此微博:我也跟进。。祈祷是假新闻。。我见我家神的夙愿还没完成呢。。。,0
转发此微博:这是真的还是假的？,0
不会吧？！金庸大侠逝去？但愿是假的,0
真假的，不要随便开这种玩笑,0
是真是假?,0
真的还是假的？不要骗人啊,0
希望真的只是传言…,0
希望是假的！,0
转发此微博:希望老爷子没事！他是一个时代的标志！,0
关注中，但愿是假消息，武侠文学大师，毕竟他的武侠小说影响并伴随着我们的成长，是我们一代人甚至是几代人的美好回忆啊。,0
真的吗真的吗真的吗真的吗真的吗真的吗,0
表示关注若真如此望其死后依旧笑傲天堂,0
转发此微博:是不是真的,0
真的假的，网上传的好多。。,0
转发此微博:金庸去世？,0
不相信！！！！！！！,0
==不是吧～,0
但愿这是假消息。,0
真还是假？,0
转发此微博:金庸去世？？？,0
希望不是真的???????,0
但愿是假的,0
希望这消息是假的！微薄现在传播速度也实在是~,0
真的假的？,0
希望不是真的，祝福金庸先生。,0
希望是假的,0
求证实~~~倪匡不要有事就好了,0
把刚刚的转发删掉了~~个人也希望消息是假的！！,0
金庸老师走了？真的吗？希望消息是假的……我的射雕英雄传呀……,0
希望是假消息,0
转发此微博:等待真相,0
转发此微博:金庸走了？,0
真的还是假的？,0
金庸去世？？？！真的假的~~？？,0
转发此微博:证实左未噶？,0
有o人我知金庸死o既消息So既定S{言???????????,0
我还真不知道…露薇是谁来…,0
希望唔系真噶啦…,0
金大侠陪伴我们一代人的成长，很多人的＂侠气＂朦胧中来自＂靖哥哥，韦小宝，无忌，萧风。。。。，希望这是个假新闻。。,0
但愿、但愿是假的！,0
真的吗？求证？,0
转发此微博:真的幔,0
希望是假的，希望金先生长寿……,0
转发此微博:真的假的？,0
转发此微博:真的假的,0
转发此微博:暂时不说，等真相。,0
等确认，金先生的武侠小说是我中学时期主要接近唯一的课外读物！,0
转发此微博:真定假，求证…,0
是真的吗？,0
希望这次也是谣言，望他老人家健康,0
不是吧？？？,0
希望不是真的，祈福,0
转发此微博:希望是假消息,0
啊？？？？？？？？？,0
转发此微博:Ohmyladygaga!Hopeisnotreal!!!,0
希望不是真的！,0
关注，求真相,0
转发此微博:希望消息是假的，愿一切安好。,0
？真的假的？,0
真的吗?愿他长命百岁,0
转发此微博:求真想……,0
是真是假啊。。。,0
真的？假的吧？,0
真的假的？？？,0
==金庸死了？,0
不是吧？真的假的？,0
真的假的？？、,0
希望不是真的..,0
求真相啊！！！目前接受不能啊！！！,0
！！！！求真相。。。！！！！,0
希望是谣言,0
等待准确信息！,0
真的假的？？？？,0
真的假的？？！！！关注中。。。,0
不希望是真的,0
不会吧还是调查清楚再说,0
真的假的呢？..,0
到底是真是假啊，金庸可是偶家乡人呢，希望不是真的。。。,0
不可能吧~~~但愿是假的,0
啊？？？？？？什么情况？？？？？？,0
真的假的啊？？？,0
真的假的??,0
希望是谣传！！！,0
希望以个新闻五系真嘎从！五好死啊,0
我滴亲七舅老爷啊！真的假的啊！,0
希望系假消息！,0
希望不是真的。,0
天哪，希望是条假新闻……,0
跟进关注~,0
求证？？？？,0
大家稍安勿躁，我们都希望是假的,0
希望是假的！！！！,0
希望这不是真的…,0
刚搜索了一番，没有新闻证实..........,0
真的假的？关注~~~,0
等待真相帝,0
？？？？？？？？求确认！！,0
什么！！！！,0
求证。。。。,0
希望这不是真的，我的偶像，心中的巨人,0
希望早日来真相,0
个中玄机，我不清楚,0
真的假的？？？？？？,0
噗……这在搞什么嘛……,0
希望只是{,0
不会吧！是真的吗？如果是的话，真的很可惜，武侠江湖，还需要很多的大侠来行侠仗义呢？,0
希望这不是真的。,0
究竟真实与否?,0
金庸挂了？武侠传奇阿...,0
我擦真的假的,0
啊啊啊啊？！什么啊…不要是真的啊？！,0
哇真的假的,0
真的假的?头条新闻:无,0
默默等真相……>_<,0
什么？真的假的。关注中。。。。。,0
假的，就痛斥！真的，就哀悼！,0
真的吗?大侠…,0
说的是真是假呀,0
真的假的啊？,0
啊?真的假的?!,0
靠！真的还是假的！！！！！,0
到底真的假的,0
到底是神马情况？,0
真的吗？？？！！！！！！！！！！！！,0
希望不是真的...,0
！！！！！！！等真相！！！,0
这是真的吗？这真的真的是真的吗？,0
真的？假的？,0
真的假的啊？,0
关注，希望是假的,0
希望不是真的！,0
希望不是真的,0
希望不是真的,0
唔S卦???,0
希望不是真的,0
到底给真啊？,0
真的还假的啊？？！,0
真定假嘎！,0
不知道是真使假？,0
?真的假的？,0
系真唔系？,0
等真相！！！要是散布谣言，那真是缺德缺死德了,0
我K，什么情况？,0
作为一个毕业论文写金庸小说并且得到了优的中文系学生，我希望这是假的！,0
又一颗星星殒落了？,0
求金庸去世的真相！,0
No不会吧~希望是假的!,0
啊？？？是真的么？！,0
真的假的？？？！！！,0
若误传消息，杀无赦！,0
不知是不是真的！、,0
到底是真的还是假消息！,0
祈祷不要是真的,0
不管怎样bless。希望不是真的。,0
是真的吗？,0
希望是假消息！！！,0
真的假的？？？？,0
到底是新闻还是谣言？！,0
真的假的？,0
一代武侠巨匠文坛泰斗希望是假消息,0
流言传来传去...到底?,0
真的假的？,0
希望是假的，金大侠不要死啊!,0
希望只是个传言！为金大师祈祷！！,0
希望不是真的，希望大侠没事~,0
是不是真的啊？新浪快快落实一下啊？这种传言不好传的哟,0
是真还是假的!??,0
No....,0
求证！！！！,0
希望是假消息！,0
但愿是假新闻，愿金庸先生平安！,0
真的假的啊,0
真的假的？？？？？,0
关注，关切，希望不是真的！,0
求真相！求真相！求真相！,0
到底是真的还是假的？之前和这个相关的微博都被删除了！,0
不是吧?????,0
已经证实了？,0
really？！,0
我想知道消息是否真实!,0
刚看到一条立马被删了希望不是真的,0
真的假的，我不太相信,0
forreal?,0
！！！虽然从没完整看过您的一部小说但是还是缅怀大师！并且希望此为假新闻一件~！,0
刚看到，结果很快被删了，到底真假啊？！,0
高度关注真的假的？,0
真的假的？？,0
神马？？！！,0
希望是假的，造谣的人不得好死,0
真的假的？,0
希望@消息是假的.....金庸先生的作品我看得不多....不^他的文句真的令我著迷,0
希望只是传言,0
但愿是假的！,0
同求真相!,0
真的假的？关注！,0
真。。。的假的？！！！,0
真的假的？,0
传言？真假啊,0
希望不是真的！！,0
真心希望是假消息~~,0
阵的假的==,0
希望是假的！！！我最爱的作家啊！！！他的作品伴随我整个中学时代！！！,0
快些证实…,0
真的假的啊！,0
真的假的啊？？？,0
但愿是误传！,0
希望是假的,0
到底真的假的,0
期望是假的啊……！等最终确认中……TAT~~~,0
求真相...,0
真的还是假的？？？,0
希望不是真的…,0
真的假的啊？求证ing。。。,0
千万千万千万千万别吓我。,0
刚刚还在谈论这个、真的会是真的么？、、希望现在的“祈福”也不晚、、、,0
真的假的？头条新闻:无,0
额……不会吧？,0
啊啊啊啊啊好震惊啊不知道真假？,0
神马？！赶紧的核实清楚！！！,0
但愿是假消息,0
真的，假的？,0
真的假的！震惊！,0
金庸去世了？！,0
不会是真的吧。,0
到底有没有个确信啊！,0
真的假的？,0
求真相。。。,0
真的假的！！我刚回来就…,0
天！上天保佑！,0
希望不是真的才好。,0
到底真的假的？,0
希望唔系真架啦~~~~~,0
不是吧！希望这件事不会是真的！,0
真的假的…,0
希望不是真的！祈福！,0
不知消息是否属实,0
呜呜呜呜呜呜呜呜呜.大哥.是真的吗.不要骗人好吗.不过.往后.许多新闻.都是微博先发表.记者.歇菜啦.哈哈哈哈.,0
上帝保佑这条是假新闻~~,0
整天干啥阿，真假啊,0
希望是误报。,0
到底真的假的。。新浪娱乐这个可不能娱乐啊汗。。。,0
啊…不是吧…,0
求真相。。不要这么猝不及防。。,0
希望不是真的,0
是不是真的？,0
但愿不是真的…,0
表成真啊表成真・・・,0
不是真的吧，保佑不要是真的！！,0
真的假的？,0
不能吧希望是假新闻,0
震@！真的假的。。。,0
希望是假的！我从小的理想就是当一个行走江湖的侠客，受金庸的影响太大了,0
金庸去世了？？？真的假的？？,0
要是假的…我诅咒造谣者一辈子！！,0
求真相！？？,0
此新闻真不希望是真的！,0
希望不是真的！,0
真的假的！,0
：真的吗？不要啊！,0
不是吧……别吓我……,0
希望是假的,0
真的假的？！！！,0
嘀汗，看了一半就转了。这样说，担愿不是真的。,0
祈祷…但愿是假消息…,0
希望不是真的,0
真的假的啊,0
真的假的啊。。,0
真的假的？小时候的武侠梦呀,0
真的假的？,0
还没确定啊,0
是真的吗？,0
真的假的！！！！,0
我希望不是真的,0
really？！,0
希望是假的！！,0
希望不是真的。,0
假的？。。。真的？。。,0
希望是假新闻,0
是真是假呢。。。这事儿可一点都不好玩儿啊,0
希望是假的，对吧,0
我的天？！！,0
真的假的？,0
求真相！！！！,0
这是何方谗言？？？？？？？？？？？？,0
希望没事::&gt;_&lt;::,0
真的假的？？？！！！！,0
我也跟进。。祈祷是假新闻。。我见我家神的夙愿还没完成呢。。。,0
这是真的还是假的？,0
真假的，不要随便开这种玩笑,0
是真是假?,0
不要不要不要。保佑金大侠好好活着。比起琼瑶。他才是我的偶像。,0
金庸死了？这是真的吗？这是真的麽。℃,0
同真的么？,0
真的假的？金庸去世了？！,0
关注中，但愿是假消息，武侠文学大师，毕竟他的武侠小说影响并伴随着我们的成长，是我们一代人甚至是几代人的美好回忆啊。,0
到底是不是啊,0
墙裂求真相！！！,0
是不是真的,0
真的假的？,0
金庸去世？,0
希望是假新闻,0
希望不是真的…毕竟是看着他的书长大的…老爷波贺…,0
求辟谣或讣告,0
但愿是假的,0
求真相...,0
希望这消息是假的！微薄现在传播速度也实在是~,0
真的假的？,0
千f不要是真的...太喜g他的作品了....真希望他永存....呃....,0
真的假的？！不会又重复6月的谣言吧！那样太混账了！,0
不希望是真消息...,0
关注中，希望是流料,0
金庸老师走了？真的吗？希望消息是假的……我的射雕英雄传呀……,0
是真是假？？？,0
还没证实吗？！,0
..........................真事假事啊,0
希望是假消息,0
啊。。。希望不是真的。。。大师们都走了。。。。,0
希望不是真的,0
什么！！！,0
有o人我知金庸死o既消息So既定S{言???????????,0
真的假的？头条新闻:无,0
希望不是真的,0
大侠死了？？。。。。,0
但不是真的Godblesshim…,0
希望不是真的,0
希望唔系真噶啦…,0
昨天晚上还在聊他~快调查啊,0
真的还是假的==,0
但愿、但愿是假的！,0
真的吗？求证？,0
希望是假的,0
Really？？？？？？？？？？,0
真的假的阿?信息太发达的社会让人怀疑一切信息的真实性也是种可悲吧~~,0
/a啊？/,0
金大侠走了，真的还是假的!!!,0
呜~不会吧~,0
五好系真噶，千万不要,0
希望不是真的,0
暂时不说，等真相。,0
求真相跟进。另外后半句话武断了，我仅同意一部分,0
金庸去世，真的假的,0
真的假的？别娱乐啊！！！,0
等确认，金先生的武侠小说是我中学时期主要接近唯一的课外读物！,0
真的假的？！！太惊悚了~,0
真定假，求证…,0
啊？这可不要恶搞啊。,0
这个真的假啊？,0
希望这次也是谣言，望他老人家健康,0
不是吧？？？,0
希望不是真的，祈福,0
希望是假消息,0
真的还是假的,0
啊？？？？？？？？？,0
真的假的啊…,0
Ohmyladygaga!Hopeisnotreal!!!,0
真的假的真的假啊的！！！,0
真的假的啊,0
什N!?金庸去世了!?我超劭此的小f我只欠w狐外鬟]看s不蔚冒阉看完,0
希望不是真的！,0
希望消息是假的！,0
希望是假新闻,0
什么？！难道又是假死。。,0
金庸死了，不知道是不是真的，虽然不太喜欢，虽然从不看那些没实质意义的小说，但看在好多人都喜欢的份上，悼念吧,0
有D感噶事？,0
希望是谣言,0
不要啊！！！！,0
希望消息是假的，愿一切安好。,0
甘就无啦...？,0
…事实呢？,0
希望不是真的,0
金庸挂啦？？,0
真的吗？求证实,0
这消息确实可靠吗？？？,0
希望是假新闻,0
真的假的？,0
？真的假的？,0
真的假的？,0
一直在留意。。希望只是传言。。,0
希望是假的,0
不是吧…真的嘛…,0
真的？假的？,0
真的吗?愿他长命百岁,0
那个，真的假的？！！,0
唔系呱?!,0
真的假的？,0
是真是假啊。。。,0
"真的假的.....><""""""""",0
真的假的？,0
真的假的。。。,0
真的假的？？？,0
真的假的呀？没看到什么官方的发布啊,0.2
刚刚百度了一下，似乎是假新闻,0.2
有这事吗？,0.2
真的假的啊！,0.2
真的假的？,0.2
真的假的？？！！这也太恐怖了！！,0.2
真的假的~！,0.2
这是真的么？,0.2
是真的吗？我怎么觉得不可能执行的这么到位呢。不过，宁可信其有。。。,0.2
是真的吗？,0.2
真的假的啊,0.2
是真的吗？太可怕啦,0.2
真的假的？,0.2
真的假的啊？,0.2
真的假的？,0.2
真的假的啊真是受不了了,0.2
真的假的？！,0.2
真的假的。。。。。,0.2
真的假的？？？,0.2
不知道是不是真的但是大家要注意啊,0.2
really？！,0.2
不太可能吧？,0.2
如果这是真的，那疼讯可要笑疯了~,0.2
如果真这样，估计卖家会把淘宝总总都给砸了。……一个就是谣言。,0.2
真的假的？？？,0.2
真有说的这么可靠吗？那C店可能开不起来了,0.2
？？？？！！！虚拟商品是指哪些行业呢，貌似不那么丰富啊？,0.2
这个靠谱么？如果是这样，淘宝也就不再算C2C“平台”，只是一个垂直行业的C2C了……我觉得可能性小，就算调整，周期也会更长。另外，这样下来，天猫还是天猫么？只是另外一个“淘宝”！,0.2
好奇，什么情况!,0.2
求真假求辟谣。,0.2
不太可能吧？,0.2
如果真是这样，淘宝和天猫估计都该死了。,0.2
如果这样马云就是卧底,0.2
不可能的吧！辟谣辟谣,0.2
真的假的，天猫那么费成本不是淘宝人人都玩的,0.2
泰国前总理好像也说过了。,0.2
似乎每天都不缺猛料,0.2
不可思议，拭目以待,0.2
这个看看先。,0.2
要真这样我们都去玩小b2c吧。哈哈,0.2
说得跟真的似的,0.2
真有说的这么可靠吗？那C店可能开不起来了,0.2
这不太可能吧,0.2
如果是真的，那会有点意思,0.2
这消息靠谱吗？,0.2
如果是真的，估计得内乱了,0.2
我去啊，是真的么,0.2
要真这么着，那淘宝这是自己作死呢,0.2
这真的假的o(s□t)o,0.2
是不是想强奸？？？？？？？？？？？？？,0.2
不知道报道是真是假，这是在丑化边缘群体吗？,0.2
真的假的司机师傅受刺激了吧・・,0.2
这么假还发，不知道想什么，木乃伊可能怀孕？搞笑啊,0.2
我也不愿意相信这是真的。有人能出来澄清一下么？,0.2
这，可是真的？,0.2
不会是谣言吧？,0.2
竟然有这等事,0.2
是真滴吗？那年的事情？可不能养虎为患啊！,0.2
此事是否属实，求辟谣！！！！！！！！！！！！！！！！！！！！！！！！！！！！！！！！！！,0.2
请问这事儿靠谱吗？,0.2
这是真的么!??,0.2
但愿传闻是假。,0.2
官方消息依然没看到，搞不好就是假的，谁能确认？#YiBo微博#,0.2
这是真的吗？激动的都不相信是真的。,0.2
不会是谣传吧？,0.2
死啦？真的？,0.2
假消息吗？未必！,0.2
骗人的吧。后面都,0.2
如果是真的事的话。。只能说明。。韩国人无论是做事还是拍电视剧都是及其的幼稚。。。,0.2
不是真的吧。。。。,0.2
妈呀，真是这样吗？,0.2
真的假的？三星心情还真好。抄袭的人果然不用动脑子，精力都花这些小动作上了,0.2
这不是真的吧？？,0.2
这是假新闻么,0.2
真的么。。。,0.2
一直以为明晓溪是真名！！！,0.2
应该是谣言吧………,0.2
这、这是真的？不科学啊！,0.2
难道不应该是个少女吗？,0.2
这是真的吗？我一直以为是位少女！,0.2
欢乐得很，如果是真的。,0.2
不会吧。。。~_~,0.2
这是真的？图里什么内容,0.2
这是真滴么！！！！！,0.2
不会吧。。。假照片吗,0.2
这不能是真的吧，求真相~,0.2
额滴娘啊这是真滴咩？？！！,0.2
明晓溪？！,0.2
不会吧~~~~~~~,0.2
不是吧？49？？？？问白白啊！,0.2
真的假的，太大妈了，我一直以为她是非主流少女的,0.2
这是明晓溪？？？？怎么能写这么雷的文章的。。。。,0.2
不是吧！又刷新我的认识了,0.2
这不可能吧！那种玛丽苏的文！,0.2
不是真的吧,0.2
不可能吧！~,0.2
不是吧！！=口=！！！玉自寒啊！！曾经离小天后那么近啊……告诉当时的同学她得疯了,0.2
不会吧。。不是说她从来不透露出信息的咩,0.2
因为照片不实？,0.2
3oo枪？能是真事吗？,0.2
腾讯也造谣？,0.2
我戳，这贴有造谣吗？？美帝难道没发生这事？？？为啥被认定不实信息呢？？？,0.2
如果是真的，孽子该天杀。,0.2
情报来源是否准确？是否合法？拍照的人是老人的儿女还是记者还是其他人？那么扶着老人的人是谁？如果是老人的儿女扶着让别人拍照，那么这些儿女就是脑残。如果是别人扶着拍照，那这些人就是牲口，叫老人做在水滩上拍个姿势于心何忍？不要让你的眼睛欺骗了你！,0.2
如果是真的，孽子该天杀。,0.2
真的假的？海迪姐姐曾是多少中人的W楷模啊！F在做日本人了？,0.2
假的真不了，真的能假吗?,0.2
真的假的，天朝难道真的如此黑暗？,0.2
是真实的嘛，太恐怖了，,0.2
真的？哎！,0.2
真假？现在社会主义社会还有这么无天无法的事出现？？？,0.2
假的真不了，真的能假吗?,0.2
真的假的，天朝难道真的如此黑暗？,0.2
真有这事？这是给共党唱反调啊。随时来场运动，你就被它偷偷的以反民族反社会罪处理了！,0.2
真有人相信吗？,0.2
又看到一个说无关的，真的无关吗，大家都不愿意相信，有这么巧的事情吗,0.2
"不管李翔对地沟油事件是否参与了或只是关注…你对一个死了的同志这么叫劲有意思吗…再说…这条微博有到""造谣""的程度吗？你别小题大作了！",0.2
是不是谣言，信息准确不准确你心知肚明。以后到别人那抄资料好好甄别甄别，,0.2
不会吧？！,0.2
真的么，不敢相信，2013才刚开始,0.2
啊真的吗不敢相信！,0.2
但愿是假的，维基上证实了。,0.2
真的么，不敢相信，2013才刚开始,0.2
农民们知道这个专做假消息的网站吗？,0.2
我去!真的假的啊！凯奇死了?还是这么奇葩的死法?!,0.2
我去，真的假的？,0.2
真的假的？造谣吧？,0.2
这是真的啊~~~~~？？？？？..........,0.2
这个好像少写一个0,0.2
可以加饭?哈哈哈哈哈!,0.2
为什么一定要撒谎？,0.2
可以加饭？闻所未闻啊。,0.2
这是要闹哪样？,0.2
有多少份？我全买了！,0.2
也许是英镑,0.2
真的吗？那可是说起别人来一表正经，冠冕堂皇的人啊。,0.2
可能是谎言！,0.2
笑话吧，真的假的,0.2
真的吗？那可是说起别人来一表正经，冠冕堂皇的人啊。,0.2
如果是真，深圳中院又摊上大事了！,0.2
发微薄的好像说是什么主持人啊,0.2
左边截图怎么像来自东京热的作品？,0.2
好像PS的，因为无论男女都是那么斯文，发型还没有乱呢？男的好像还戴着眼镜？,0.2
不是PS的吧？如果属实该查！,0.2
造谣更可耻，我到真不希望这件事是真的。,0.2
回覆这个好像蛮久的了,0.2
如果这是真的，这只法官看来还没断奶啊，最好看看是谁把他提拔上去的，让个没有断奶的孩子做法官，欺负中国没有人啊！,0.2
难道光盘有假？,0.2
求证真相？,0.2
难道这是真的？,0.2
不是PS的吧？如果属实该查！,0.2
如果这是真的，这只法官看来还没断奶啊，最好看看是谁把他提拔上去的，让个没有断奶的孩子做法官，欺负中国没有人啊！,0.2
怎么是假的呢,0.2
这事要是真的还值得关注,0.2
是真造假还是假造假~~~不可而知！！！,0.2
不实消息，谁凭空捏造？,0.2
真的假的？如果是真的，那么这个社会已经与文明渐行渐远了!,0.2
不是真的吧！,0.2
如果是真的，又一坑爹事件,0.2
但愿不是真的,0.2
真的发生这事的话，绝不能放过这狂徒，小苍蝇用电蚊拍打，噼里啪啦，瞬间灰飞烟灭，那叫一个爽！,0.2
假的把？？？,0.2
希望不是真的，哎这么年轻,0.2
骗人的吧？！别信,0.2
真的假的哦，这么恐怖么，绵阳有,0.2
应该是假的吧。监狱能逃45个。那监狱有什么用啊？,0.2
越狱，真的假的，就这两字都足以吓到人了，何况还这么多呢！！！,0.2
如果是事实强烈要求评上烈士.,0.2
好像有点假，希望是真的，明天早上这条东东要是删掉的话，那就不言而语了，拭目以待！,0.2
其实我真的怀疑他不少的官员合影应该是假的，或者只是公众会议上的合影。而明星的差不多应该是真的。,0.2
真的假的？为什么韩寒批了这么久就没有被公安带走了，都是大骗子啊！,0.2
希望是真的,0.2
如果消息确切，说明政府在正视这个事情，那么对这个政权咱还抱一点希望。/不知道是哪来的”快讯”，不知道消息是否确实，不知道逮捕王林是否有确切证据。江西朋友告诉我，江西的媒体禁止报道王林。现在一时间无法查知事情的真实性。我一直看好中央巡视组，希望进驻江西之后能够把,0.2
应该不是真的。,0.2
不会是真的吧？我相信不是真的！,0.2
这应该是假滴，我不信外交部发言人会如此脑残。,0.2
这话要是真的！我草拟吗！那就证明空气真的不好了！脑子都坏了,0.2
不可能。城管也开始公关了。,0.2
如果事情是真的那么我将心比心，这位学姐学业生涯艰难，希望能早日得到真是分数但这么重要的一篇微博，为什么考生号和王森东老师的电话号码竟都有误,0.2
如果这是事实，那中国的高考制度也太不完善了！,0.2
才不是校友呢，而且听说这不是真的。,0.2
希望可以找到真相,0.2
如果要是真的那就真他妈的操蛋了。,0.2
找到没啊急死人了,0.2
估计是假的，发这么漂亮的照片根本不好找估计是求红贴,0.2
假消息？是别人发的，我转发了。你有什么证据？,0.2
是炒作吗?一样可恶!,0.2
是想增粉吗你至于吗你,0.2
这么乖，赶紧找回来,0.2
不会吧，有这样骗人的吗？,0.2
那就好千万别是真的,0.2
天啊，这么漂亮的小女孩，谁偷走的孩子，快还给人家父母！,0.2
这孩子好萌!一定要找到哇??,0.2
这么可爱的小孩子。还不要急死人了啊。,0.2
好可爱的小萝莉，命运多叵！希望早点回家！,0.2
这么可爱的孩子，哎,0.2
好可爱的小女孩，希望她家人寻到她！,0.2
好美的小姑娘！祝平安！！,0.2
希望小美女能早c回家、警察叔叔要o力哈！,0.2
上面说不真实，可是我还是要转,0.2
这些人究竟什么动机？有什么好处呢？想不通呀,0.2
他本来想竖中指的,0.2
不会吧！这不是真的！！！,0.2
不是吧，。。,0.2
转发此微博:不是吧,0.2
真的啊？好杯具哦！,0.2
不会吧。。。。。。。,0.2
不可能吧！~,0.2
不会又是忽悠人吧新浪喜欢玩这个,0.2
~~~~怎么可能啊?呜呜呜,0.2
转发此微博:希望这不是真的？祈祷！,0.2
转发此微博:不是吧～如果又是谣言，真的想那些造谣的人马上去SHI！,0.2
要是假的话，散布消息的人太不道德了，怎能拿别人的生命开玩笑呢,0.2
转发此微博:不…会吧！,0.2
不是真的吧。。。金庸,0.2
不会吧！！！媒体跟进！这么大个事保密的工作太好了吧！！！！,0.2
不会吧~!,0.2
我不相信这是真的别乱说！,0.2
转发此微博:如果是事实我深感悲切！,0.2
如果是真的，默哀中,0.2
如果这件事情是假的，那么我只能说现在炒作的人真的是良心泯灭了！！！！,0.2
千万不要是真的！！！,0.2
转发此微博:我擦，不是吧！！！…不要啊！！！,0.2
转发此微博:啊！不要是真的啊……,0.2
不要啊......,0.2
不会吧...,0.2
转发此微博:不可以！！！不可以！！！！！！！不可以的！！！！！！！！！！！！！！！,0.2
不会把！,0.2
不是吧……,0.2
转发此微博:假的还是....,0.2
赶脚是谣言,0.2
如果是假的就太缺德了爆这种事的说,0.2
转发此微博:不要告诉我这是真的～,0.2
没有得到，但并没有说已经核实。着急,0.2
不要呀！！！那个梦幻武侠王国的掌门人，我们都需要你的不管怎样，我们要坚持要继续我们的梦想，祝福金庸先生！！,0.2
转发此微博:如果是真的，我会很难过！,0.2
转发此微博:如果是真，那是一大世纪悲伤…,0.2
不要啊~~,0.2
无论如何我不相信。,0.2
不要，金老是我的偶像，我太爱他了~~祈祷~~,0.2
整天干啥阿，真假啊,0.2
不是真的吧，保佑不要是真的！！,0.2
转发此微博:祈祷你长寿，50年未必出一个金庸,0.2
转发此微博:真滴希望是假新闻！假的！,0.2
转发此微博:……不会吧,0.2
转发此微博:啊…不是吧…,0.2
转发此微博:不会吧…,0.2
不会是真的吧，我的精神启蒙老师……,0.2
但愿是假新闻，受不了……,0.2
千万别是真的啊,0.2
不会吧！！！密切关注中！！！,0.2
。。。不要啊。。。。,0.2
千万要是假的！！！,0.2
不会的不会的。,0.2
不是真的吧，祈祷,0.2
求辟谣或讣告,0.2
保佑金庸。,0.2
我童年的最大的偶像…英俊你快告诉我这个消息是假的我不信我不信！！！,0.2
转发此微博:千万别,0.2
不要啊!~虽然我没有仔细看过金庸的书但是他的书改编的各种游戏可是我少年时期的支柱啊!!!~~,0.2
转发此微博:祈祷金大侠平安,0.2
不会吧~~~,0.2
希望只是恶作剧，不要是真的！！！！！！！！,0.2
不要啊！拜托啊！,0.2
不会吧！保佑！,0.2
哦！不。上帝保佑这位爷爷。一定要健康起来哦,0.2
转发此微博:哇…为金庸祈福！希望他平安…,0.2
不是吧？！是乱传的吧？,0.2
转发此微博:真的去世了！？,0.2
转发此微博:不会吧！不要随便开这中玩笑！,0.2
不会是真吧！,0.2
转发此微博:不会是真的吧…,0.2
转发此微博:不会吧,0.2
不是真的。。。。幔,0.2
不会吧！！！这么、、、、、但愿不是真的,0.2
求辟谣！求辟谣！像以往任何一次谣传一样证明是假的吧！！,0.2
你上娱乐版了~希望是假消息....,0.2
不会吧？？,0.2
介不素真的吧。。。,0.2
不会吧。。。,0.2
这不是真的吧？？,0.2
e_玩笑,0.2
切不可开玩笑啊,0.2
不会吧・・・・・・,0.2
别开玩笑好吗祈祷,0.2
真的假的啊别缺德乱诅咒老人家啊,0.2
这种消息不要乱报啊,0.2
不是吧！！没求证之前不要乱说！！,0.2
不是吧～如果又是谣言，真的想那些造谣的人马上去SHI！,0.2
祝福他老人家!希望这不是真的,0.2
啥啥啥啥，千万别是真的啊~~~~~~~~~,0.2
要是假的话，散布消息的人太不道德了，怎能拿别人的生命开玩笑呢,0.2
千万不要啊！,0.2
不…会吧！,0.2
不会吧！！！媒体跟进！这么大个事保密的工作太好了吧！！！！,0.2
喂?诶?诶!对!对!我是庸子啊!,0.2
不是真的！不是真的吧！,0.2
转下，刚刚搜了一圈没看到,0.2
下？？唔系嘛？！金庸喔！唔好啦……希望唔系真既！,0.2
ohno……,0.2
no~~,0.2
啊？？？？？,0.2
我的神！！！！！！！！,0.2
不会吧，你对我来说很重要的啊，不是你，我的高三怎么过的啊~,0.2
不要不要。,0.2
啊！不要是真的啊……,0.2
希望传言系假，唔舍得啊,0.2
这不会是真的……,0.2
不会把！,0.2
不是吧！他死掉了？,0.2
金庸啊！？！,0.2
不是吧...,0.2
啊！！！！！！金大侠不要啊,0.2
这个不是真的吧,0.2
第一感觉是不会吧不是真的吧不要开玩笑阿怎么都不能相信。,0.2
哥也跟进一下。表示怀疑。,0.2
惊！不会是真的吧,0.2
不是吧！！！,0.2
噢!不!我还正在看金庸全集!!!,0.2
千万是开玩笑的,0.2
不会吧！！！,0.2
不是吧！！！！！,0.2
不会吧。。。。,0.2
不相信..,0.2
不吧?希望系{言....,0.2
真的假的哦？贴吧都在传？不个大网站没有消息啊,0.2
别呀……不要走！！！,0.2
不要啊大爱金庸的武侠,0.2
不明真相。。。不敢相信，以前也传过,0.2
弄弄清爽呀~去年才走了梁羽生哎,0.2
不会吧，金大侠，祈祷一切安好,0.2
md，如果是假的，怎么老是咒金庸，怎么老是造这种谣！,0.2
不会吧。。。,0.2
不要啊~~,0.2
如果是真，那是一大世纪悲伤…,0.2
啊啊啊~祈祷时假新闻~！！！,0.2
O假的就好了,0.2
不会是真的把。。,0.2
上天保佑他，我家能^m碛芯神寄托。,0.2
真的假的，不会吧,0.2
默哀！希望不是真的。,0.2
空穴来风？,0.2
……不会吧,0.2
如果是假新闻，太缺德了,0.2
不会是真的吧，我的精神启蒙老师……,0.2
不会是真的吧?!坐等真象,0.2
千万别是真的啊,0.2
不会吧！！！密切关注中！！！,0.2
啊・・・不要是真的・・・,0.2
不会吧？！金庸大侠逝去？但愿是假的,0.2
千万要是假的！！！,0.2
不会吧。震惊啊！,0.2
不会吧？等着官方消息！,0.2
到底是不是真的？但愿是假的,0.2
不会吧？希望不是真的！,0.2
别是真的啊!,0.2
最好是假的=-=,0.2
不是八，表吓我！,0.2
不会吧……,0.2
不是吧。。,0.2
如果是真，我接受唔倒咯,0.2
也不知传谣者什么用心？！搞得我饭也没吃好！谣言者止！,0.2
OHNO。。。。,0.2
@不是真的吧～希望金庸大]事。,0.2
真的假的啊？希望是假的！假的！,0.2
哦漏！！！！！,0.2
不会吧，希望是谣传！！！,0.2
不是吧？！,0.2
查大侠？不会吧,0.2
假的吧，没查到这医院。,0.2
不是吧~！,0.2
真的？不是吧？定是只是娱乐？,0.2
不是真的吧……头条新闻:无,0.2
不会是真的吧……偶小时滴偶像……头条新闻:无,0.2
不会吧。。。。。,0.2
不会吧!!!!!,0.2
不会吧~~,0.2
估计是假新闻吧？,0.2
不可能吧…,0.2
太震惊了~希望系假的,0.2
啊？不是真的吧。。。,0.2
真死了？？？可惜了个人才啊！,0.2
一代宗师真的走了吗？,0.2
真的？假的吧？,0.2
什么？金庸去世了？,0.2
这是真的么？？,0.2
诶诶？这是真的么,0.2
介消息准吗?是真的最好了!,0.4
是真的吗？小新为上，开车的朋友注意了,0.4
真的吗?可得小心了，千万不要闯黄灯了，那我坐副驾也要系安全带了。,0.4
真的假的啊？,0.4
观望中。。。,0.4
可能真是假的，同样的话一字不变的出现在了很多不同时间段的新闻里。无聊啊～～～,0.4
甭管是不是真的，小心为上,0.4
什么情况啊,0.4
我也不晓得啊，反正开车要小心。,0.4
以前探头没有开么？,0.4
这个好像都说了多少次了，狼到底是来没来呢,0.4
不管真的假的都要注意了，别再闯黄灯了，副驾驶安全带的“小钥匙”拔掉吧。,0.4
宁可信其有哈！,0.4
有这事嘛求内幕,0.4
也不知道真的假的，之前好像就听过,0.4
大家注意昂…虽不知真伪…但是预防为主…,0.4
这玩意儿好像几个月前在短信上就传过一阵儿,0.4
真的么?我还有十六条没处理呢，如果这样明年我估计得六十条,0.4
听甚末人说的？？？,0.4
可能性不大呵，,0.4
淘宝会自己搞死自己？,0.4
你i确定这个消息吗？,0.4
怎么可能？,0.4
如果这样马云就是卧底,0.4
泰国前总理好像也说过了。,0.4
扯淡，你知道啥是淘宝啥是天猫么？,0.4
。。。。。如果是真的，会被砸吧。。。,0.4
有一定可能!,0.4
无论是不是真的，这样做还是比较靠谱的。另外，减少天猫鱼龙混杂的卖家数量，打造品质之城，也将会是天猫必然之路。,0.4
万事皆有可能，但不希望如此,0.4
要真这么干了，只能说淘宝很二很SB,0.4
真要这么干，那么多喜欢淘东西的买家咋办，那些中小卖家都去天猫？？淘宝淘宝、、、“淘”的意思了。。。真要这么干了，我只能说1个字“2“了~,0.4
如果是真的，估计得内乱了,0.4
可能性很小，其效果相当于一场电商地震。大家说说看。,0.4
可能性不大假如真的是这样会有多少人失业,0.4
咋可能，c跟天猫都分开运营，不可能这种情况。,0.4
你是来传谣言的么？,0.4
不可能吧。。淘宝还是很大一块收入来源。。这样做不是自找死路么~,0.4
不可棱～～,0.4
为什么要分开呢？暴风雨前的安静？！,0.4
木有的事吧,0.4
我觉得也没那么可信,0.4
这传闻略显爆炸点了吧？,0.4
默默觉得这消息不靠谱吧...,0.4
有何依据？有何目的？,0.4
要是真的马云又得被围攻了。少了多少大学生创业的机会，砸了多少人的饭碗。不过阿里巴巴作为一家企业这样做挺有必要。,0.4
不会这么傻吧,0.4
？？？？！！！虚拟商品是指哪些行业呢，貌似不那么丰富啊？,0.4
这个靠谱么？如果是这样，淘宝也就不再算C2C“平台”，只是一个垂直行业的C2C了……我觉得可能性小，就算调整，周期也会更长。另外，这样下来，天猫还是天猫么？只是另外一个“淘宝”！,0.4
不会吧，要真是这样该有多少店面临破产，这些人估计又要围攻淘宝总部了。,0.4
万事皆有可能，但不希望如此,0.4
要真这么干了，只能说淘宝很二很SB,0.4
真要这么干，那么多喜欢淘东西的买家咋办，那些中小卖家都去天猫？？淘宝淘宝、、、“淘”的意思了。。。真要这么干了，我只能说1个字“2“了~(10,0.4
不怎么靠谱吧,0.4
链接打不开~昨天这个消息貌似被删过一次~,0.4
严重怀疑真实性。后车门拉不开怎么上的后车门？后座跳到前座再跳车身体是有多柔软？这样折腾司机是吃白饭干看表演的？总之。这新闻不是编的吧？,0.4
恐怖啊~~莫非真有此事~~,0.4
司机威胁她什么？图财还是图色？车在开的途中，衣服怎么没了？夜班司机是主班？不是遭陷害？看后依然迷茫。。。,0.4
求辟谣哦，每次听到关于出租车的这类案子都觉得是假的。,0.4
严重怀疑真实性。后车门拉不开怎么上的后车门？后座跳到前座再跳车身体是有多柔软？这样折腾司机是吃白饭干看表演的？总之。这新闻不是编的吧？,0.4
恐怖啊~~莫非真有此事~~,0.4
我也以为是假的额，原来真有，那以后要小心了,0.4
这是什么情况？,0.4
竟有这种事,0.4
惊爆，刚出土的木乃伊居然怀孕了,0.4
你怎么知道是假的呢?,0.4
去年就转过了，肿么还在转，到底是真是假？晕晕,0.4
是不是真的？,0.4
你是故意传播假消息还是？这个消息数月前已经流传过一次了！,0.4
你妹啊，这种消息经常慢，是不是真的,0.4
这难道是真的？！,0.4
难道是假的？,0.4
这是真的吗？如果是真的真令人无法理解。在下一盘多大的起棋子啊！看不懂。这些钱给我们老百姓该有多好。,0.4
消息见过多次，实不实？,0.4
此类信息应该需求证，不能随意误导、煽动内部情绪，大家知道中国在非洲投资巨大整个非洲的债务减免也不过百亿美元，为什么越南一个国家能达到500亿美元呢？而且2011年整个越南GDP也只有1100多亿美元。。。,0.4
如果是真的：免除债务是因为有债务返点，这钱还了他们是拿不到的，只有这样才能落入自己的腰包！,0.4
若此消息为真，那么真他TM狗屎！,0.4
谁来告诉我这不是真的？,0.4
真的吗?我不信，一定是造谣恶意攻击我们伟大的党,0.4
如果是真的活该被欺负,0.4
是真是假也无法辨别了，援外和军事是最黑暗的，诶,0.4
真要是这样，那等同于卖国......,0.4
我擦，要是真的，还不如让慈溪接着干呢。,0.4
求证！如真实就是卖国！,0.4
如果是真的：免除债务是因为有债务返点，这钱还了他们是拿不到的，只有这样才能落入自己的腰包！,0.4
不会吧？这是卖国,0.4
若此消息为真，那么真他TM狗屎！,0.4
真的假的?不可能吧?,0.4
如果是真的，那就好笑了,0.4
这个要是确实的话，真是令小心脏激动了一下。,0.4
本消息未得到证实，怀疑不一定是真消息！如果是真的，估计新闻早就报道了！,0.4
他不是早死了吗？别让他埋在台湾，应当放日本海喂鱼。,0.4
真的吗真的吗他可算死了,0.4
真的吗，这是真的吗，今天北京不限制放鞭炮吧,0.4
本消息未得到证实，怀疑不一定是真消息！如果是真的，估计新闻早就报道了！,0.4
确认是真的嘛？这个国贼终于去了，好人不长命，祸害活千年，差点成真的。。。,0.4
这个是真的还是假的，不用新浪判定，由事实判定。,0.4
不是刚刚辟谣了吗????,0.4
据说是不实消息？,0.4
如果是真的话就碉堡了..,0.4
不是已经辟谣了么,0.4
难道是真的？？？,0.4
不是十亿美元吗？,0.4
不会吧。？？？？？？,0.4
我了个擦！不敢相信！人人都有少女心吗！！！,0.4
我以槭20q的小姑娘。,0.4
不会吧，太夸张啦。。。,0.4
这照片真是本人吗？太幻灭了…,0.4
不要是真的阿，小溪姐快出来辟谣。TT,0.4
她真的是明晓溪啊！！,0.4
假的吧？我这里有她照片，不长这样,0.4
不可能吧？我也以为是90后来着~~那些书。。。,0.4
靠谱不？之前也曝过不少次，都澄清说不是的,0.4
不是吧，明晓溪我记得比我大不了多少啊，而且不是台湾人么。还是哪个明星的妹妹什么的,0.4
她啊？我以为是位小清新的女纸,0.4
信么・・・・・资料貌似是全是对的啊~~~~,0.4
不是吧....,0.4
不是吧？！泡沫之夏的时候不是有评论何润东说明晓溪是个精灵古怪的女孩什么的么？？同样对ane充满了好奇了呢。。,0.4
不可能把。。。不象这个年纪和身份的人写的文啊！三观又被颠覆了。。。,0.4
你确定么？我的青春少女啊！！,0.4
不是吧，看了会有天使替我爱你和泡沫之夏，多么有少女情怀啊，怎么会是这样滴一个人呢,0.4
真人真事，就因为是腾讯的新闻就让渣浪封了？！,0.4
新浪干吗呢？没看见后面的链接吗？怎么美国的破事还说不得了？,0.4
不尽然吧！,0.4
但愿这是一则假新闻，因为我不想失望。,0.4
张老师都迁到日本了?!,0.4
不是已经辟谣了吗？,0.4
真是这样的话，不厚道。别人指出了，一味地否认，就更不应该了！,0.4
咱们平民还有地活吗？,0.4
陕西有民间锄奸队吗？,0.4
希望王岐山看到,0.4
不造谣会死?,0.4
怎么保证啊？有人信?,0.4
这也信？钱太多了,0.4
这么神奇？,0.4
对了..四川有宁波？还是宁波在四川？,0.4
先不说这事是假的，闵煮国家问责过的政客有几个，本朝倒是不少倒霉蛋,0.4
不论新闻真假，这么一条人命死在马路上是真！悲苦在人间！,0.4
不会吧？！,0.4
啊真的吗不敢相信！,0.4
不会吧！？,0.4
不是吧？？？？？？？？？？？？？？？？？、,0.4
哈？？不是吧！！！,0.4
不会吧！我超喜欢他…怎么这样…上帝也爱看空中监狱吗！,0.4
我擦，不是吧,0.4
啊不会吧,0.4
什么什么，真的假的！！,0.4
不是吧，很喜欢他的呢。。。,0.4
造谣有意思吗？,0.4
有意思么？把谁当傻子呢？,0.4
可以加饭?哈哈哈哈哈!,0.4
5元？做梦吗？,0.4
可以加饭么,0.4
应该是假的吧,0.4
以我的分析，这个图片应该是假的。偷拍？效果这好？摆拍？院长胆子这大？,0.4
配图貌似是冰冰私拍啊,0.4
图片貌似一看就是假的..我一直在期待被潜中..快来个漂亮的女法官把我潜了吧..,0.4
不知信息是否属实，看侧影是该君，期待裴院长站出来辟谣，呵呵！我看危险。,0.4
是真是假谁知道呢万一是真的呢？,0.4
有人说真的有人说假的。到底纳闷回事~・,0.4
不是说假的吗,0.4
它们当年真的没做过？！,0.4
就算真的，说美洲绿化的变化是中国引起的是什么心态。。。,0.4
看图就怀疑是假的。。。果然！,0.4
感觉图不太真实，冬天跟夏天的区别吧,0.4
不一定是真的、但是问题确实严重、,0.4
居然是真的,0.4
如果真的有改分，肯定会有受益者，另一个人得到了他原来的分数，我是这么理解的。,0.4
我只能说，希望这件事能有一个好的结局。,0.4
话说连她语文老师都说可能是假的了,0.4
啊？是假消息啊！那这种事儿作假消息真讨厌！弄的真假难辨，连真的寻人求助的都得受影响！不管是真是假，希望这样伤害孩子的事儿还有拿孩子为“砝码”的事情不要再发生了，希望所有的孩子都能健康快乐平安的成长，大人们别把成人世界乌烟瘴气的东西和魔爪伸向孩子！,0.4
我也觉得不对劲,0.4
这年月都是独生子家长不疯了报复社会才怪，为了社会安全大家转起来吧。,0.4
这微博难道不是人贩子发的？为毛小女孩在哭阿,0.4
好吧，我是不是太容易被骗了,0.4
我真的宁愿是假的，被骗一次，也不想看到这样的事发生。,0.4
，深圳？无救了，被拐子佬拐走，家长的责任,0.4
你貌似上当了,0.4
这么可爱的小姑娘，唉，破例转发,0.4
不会吧，有这样骗人的吗？,0.4
这个什么世界啊？太可怕了！,0.4
这么可爱，帮帮她吧,0.4
扑街还我好苗子！！！,0.4
如果不是摆拍。,0.4
感觉略假。。,0.4
是真的吗？摆拍吧,0.4
不实消息？,0.4
我觉得他是想要竖中指的……,0.4
如果是真的，摄影师就是人渣，有时间拍，没时间救人，见死不救，为了自己的作品。,0.4
如果不是摆拍。,0.4
好别扭、真的是生命的最后一刻吗？,0.4
他后来没事吧？,0.4
如果，生命再来一次,0.4
生命的最后的美丽瞬间?????,0.4
啊呀，不是吧，太突然了吧,0.4
啊？！！！！！,0.4
求辟谣！求辟谣！像以往任何一次谣传一样证明是假的吧！！,0.4
据说是是造谣,0.4
表示不相信~~这种传言都好多次了吧见怪不怪~~,0.4
感觉很假啊。。。麻烦新浪不要发这种没确认的新闻行吗。。。扰乱民心啊！！！希望金老爷子一切安好。。。,0.4
转发此微博:悲！！不久前大师不是还在英国进修吗？,0.4
不是吧！！没求证之前不要乱说！！,0.4
....................髅饺硕疾恢道....那不是真的吧!?,0.4
怎么会？一代大师就这样离我们而去了？我不敢相信这是真的。那么我们就再也看不到你的更多好作品了，遗憾。,0.4
不要是真的。金大侠不会走的…祈祷，假的假的,0.4
转发此微博:如果是真，香港早就breakingnews了,0.4
转发此微博:我觉得不靠谱,0.4
应该不是真的。,0.4
怎N可能？,0.4
google了所有的新闻来源，都没有看到有关报道！希望微博不是传谣的地方。,0.4
啊....不可能吧.......,0.4
Maybe,0.4
若误传消息，杀无赦！,0.4
这不会是真的……,0.4
不是吧，金大侠怎么可能会...,0.4
转发此微博:呜呜，伤感,0.4
不会吧，一代武侠大师就这样西去了，很惋惜。,0.4
有点接受不了,0.4
不是吧…希望是假的…虽然人老了终会有那么的一天…,0.4
围观围观...最近大事怎么这么多,0.4
不明真相。。。不敢相信，以前也传过,0.4
转发此微博:我靠，假的？！,0.4
呜呜呜呜呜呜呜呜呜.大哥.是真的吗.不要骗人好吗.不过.往后.许多新闻.都是微博先发表.记者.歇菜啦.哈哈哈哈.,0.4
到底是咋呀？？！！这事也敢造谣？？？谣言制造者想怎样？？？！！！,0.4
应该是炒作的吧？？这怎么可能啊,0.4
转发此微博:真的还是假的？假的吧！,0.4
不会吧？等着官方消息！,0.4
@不是真的吧～希望金庸大]事。,0.4
刚看到脑子里嗡的一下，要是谁造谣就太过分了,0.4
啊？这可不要恶搞啊。,0.4
什N!?金庸去世了!?我超劭此的小f我只欠w狐外鬟]看s不蔚冒阉看完,0.4
什么？！难道又是假死。。,0.4
转发此微博:不可能吧…,0.4
这。。。这。。。怎么可能？我和几个朋友说都不敢相信....,0.4
转发此微博:不是真的吧??不要牙><,0.4
应该是假的吧，好像每次假新闻的对象都死在那个医院,0.4
不可能吧！~,0.4
按媒体过去的报道，金庸都死几次了。希望这次又是假新闻。,0.4
毕竟那么大年纪了，也是有可能的，关注！,0.4
不吧~~~一定要健健康康的活下去啊查先生,0.4
怎么会？一代大师就这样离我们而去了？我不敢相信这是真的。那么我们就再也看不到你的更多好作品了，遗憾。,0.4
不会是真的吧！,0.4
不会吧。。。,0.4
我觉得不靠谱,0.4
我不要相信！他在我心中是和琼瑶阿姨一样的地位！希望他健康平安。,0.4
不会吧不会吧不是吧不是吧我不信我不信……,0.4
截图里这人要是死了，世上就少个幸灾乐祸的，也未尝不是件好事啊,0.4
我不相信这是真的别乱说！,0.4
金大侠一向功力深厚，不会这么不堪吧？江湖都没有他的传闻？,0.4
新浪行动得很快，如果系谣言，希望追究造谣者责任。,0.4
如果是事实我深感悲切！,0.4
如果是真的，默哀中,0.4
OMG，这不是真的！,0.4
不会吧，陪伴了我们几代人的金庸大师，您老人家挺住,0.4
我不要啊!!假的!!!,0.4
假的吧……,0.4
我X不会吧，老爷子您可挺住啊！！,0.4
有待证实！,0.4
额、不要假的吧,0.4
e呀，再灼出戆,0.4
不能死！！,0.4
额。。。求辟谣,0.4
估计又是假消息吧,0.4
天呐~~这是真的吗？！5555^……,0.4
我靠，假的？！,0.4
据说是“被去世”了..,0.4
不确定。。,0.4
不要，金老是我的偶像，我太爱他了~~祈祷~~,0.4
天啊！不会是真的吧？？？,0.4
我只希望是谣言一定是的TOT,0.4
真定假？！,0.4
不！！！！！！！！！！！！！,0.4
不知哪个说是的？,0.4
我的天！！！,0.4
神保佑呢个系假消息！,0.4
假的吧？？？~,0.4
不会又是被死亡吧...,0.4
真的还是假的？假的吧！,0.4
希望老爷子没事！他是一个时代的标志！,0.4
不相信！！！！！！！,0.4
哎呀。。不会吧，这几年印象中他老人家挺健康的啊,0.4
话说淫淫的新闻周刊主页发这个消息了・・・难道是真的？,0.4
哎呀……祝查老师长命百岁！！！！,0.4
不会吧、愤怒！就跟成龙李连杰等不在了一样！没有经典有电趣的影一样、没有武侠！,0.4
可能又是虚惊一场,0.4
不是吧。。。。。,0.4
怎么会？！不可能吧…,0.4
死的是“金庸因”吧,0.4
不能是真的。。。,0.4
不会吧，这消息应该是假的,0.4
传言么？还是真的？,0.4
不是吧？！是乱传的吧？,0.4
不会是真吧！,0.4
金庸你不能就这么走了，这不是真的,0.4
应该是真的吧，金庸年纪也确实大了。,0.4
这。。。这。。。怎么可能？我和几个朋友说都不敢相信....,0.4
听说这个头条新闻把金庸给吓死了！,0.4
不会是真的吧…,0.4
这不太可能,0.4
谁闲的蛋疼制造这消息？？？,0.4
不是真的吧??不要牙&gt;&lt;,0.4
什麽|西？假新吧？！,0.4
不是真的。。。。幔,0.4
不是己经澄清了吗,0.4
真的吗？不可能吧！,0.4
不是说是假的？,0.4
不会吧！！！,0.4
感觉有点假,0.5
先把撞死人的事情查查清楚吧,0.6
貌似前段时间很多地方都是这么说的这么传的有待考证。不过我们确实享受着全球最多的电子眼监视！,0.6
又开始不过脑子的转发，这消息2会前就出来过，假的。,0.6
2011年海南也流传过，这种谣言有意思么？,0.6
交通队资金紧张了吧~闯黄灯还罚款,0.6
真的假的打电话都不行了,0.6
好多可以罚款的点哦....,0.6
这也太严了吧。。,0.6
这玩意不是说是谣传么，又上得了台面了？,0.6
这不是都辟过谣的事了么,0.6
刚刚百度了一下，似乎是假新闻,0.6
广州前段时间也已经开始这样了,0.6
真的啊？以后不开车了。上次运动会，从农大上五环被罚了200，说占用公交车道。,0.6
去年就听说了Q!,0.6
貌似是真的,0.6
不知真假，先转一下给个提醒。。。,0.6
这是要闹哪样？？,0.6
我擦...这是危言耸听呢吧,0.6
又开始传了，真假如何判断,0.6
小心啦！你自求多福吧，阿门⊙⊙,0.6
貌似前段时间很多地方都是这么说的这么传的有待考证。不过我们确实享受着全球最多的电子眼监视！,0.6
又开始了哥,0.6
先不说营销号散播老谣言这事儿，就算是真的怎么就他妈开不了车了？你丫是驾校学出来的么？知道北京为啥堵么？,0.6
疯了，以后可咋整,0.6
我怎么觉得老这么说但是其实没事儿啊。。。,0.6
详情请去果壳吧..里面做了很详细的实验,0.6
早已辟谣，唔该你唔好乱发....,0.6
西瓜打针会烂并且是很难打进西瓜的所谓的针口是西瓜的筋是西瓜成长不好才出现的。新闻讲过了上网查查不要人云亦云,0.6
呢个新闻讲过啦，可能性很低，五洗担心噶,0.6
为吸引眼球不惜祸害辛苦的瓜农，我已果断举报！,0.6
这么恐怖的，现在的食物很不安全,0.6
记得曾有专家讲过，西瓜S打唔入水，一入水就会烂。不过唔知个专家信唔信得过。,0.6
唔取消关注呢条友好耐啦，成日发广告,0.6
垃圾网络暴力处处有，脑残们相信我们也没办法,0.6
还不实消息？？？这国度太和谐了。西瓜可不会得罪人的，西瓜不会上微博的。,0.6
一早就已辟{了，咪D啦，M事俾人,0.6
这个尿点也太高了....,0.6
淘宝没有必要这样做。,0.6
我自然是不确定，只是假设一下原文情况属实,0.6
会吗？不会！,0.6
兄弟这个消息超级不靠谱啊怎么想怎么不可能,0.6
淘宝真这么做，那淘宝就麻烦了。,0.6
脑子进水了。。为了骗粉丝也不带这样的,0.6
这个太扯了，这个就和厕所业务重大调整，进左门只准小号进右门只准大号否则没收作案工具是一个道理。完全无稽。,0.6
不会吧，淘宝专做注虚拟商品！实体商品全部到天猫上销售，这怎么可能啊。。淘宝网这样做法。肯定搞死人的，很多人要死的。。完全不靠谱,0.6
屁话，一堆堆,0.6
有点常识都知道不可能这样的!,0.6
怎么可能啊，这样的分类毫无意义啊~~！！,0.6
你就不能爆点靠谱的消息吗？误导人怎么办。,0.6
没有淘宝还有腾讯一看就是谣言！,0.6
现在的网络营销就放这种低智商的谣言吗！哥们你还是不要做这个了！你会疯掉的,0.6
开玩笑呢吧。,0.6
如果是这样，真属于过河拆桥了。。可能性不大。。,0.6
"这消息也忒瞎了""给点靠谱的可以ma",0.6
怎么可能啊，这样的分类毫无意义啊~~！！,0.6
这似乎仅仅只是一个#传闻#。,0.6
可能性不大吧,0.6
虚拟交易平台是有了，取消实体不可能吧,0.6
不会吧。。。,0.6
有一定可能!,0.6
不会是真的吧？~！,0.6
这个有点夸张了，这个趋势从架构以及战略的角度可以理解，但是短期内调整应该不太可能，即使调整也不可是一年半载的事，这么多C类商家如何安顿，弄不好又会卷起一阵飓风，淘宝伤不起。,0.6
求辟谣哦，每次听到关于出租车的这类案子都觉得是假的。,0.6
内个司机是坐在前排还是后排啊？坐在后排的还司机怎么开车啊？求逻辑求真相,0.6
后座进的去出不去难道就因为报纸遮挡车门,0.6
还有这类的士司机,0.6
去年是迷魂的士，今年又出更恐怖的事情，这些到底真实性有多少？晚上我还是接你吧！,0.6
不是吧不是吧不是吧，，，，以后答的士之前要看清楚门窗。。,0.6
我不信，怎么可能？,0.6
都是炒作~~怎么可能，死人哪还会分泌卵子~~无语》》,0.6
不可能/假的吧。。。,0.6
我不信，怎么可能？,0.6
万一吴云飞不玩微博的呢？？万一吴云飞其实早就知道，只是不想回家呢？？,0.6
这类信息没时间标签，我貌似在一年前转发过，请知。,0.6
我不愿意相信这是真的！,0.6
不会是谣言吧？,0.6
不会吧？这是卖国,0.6
这应该是假的吧,0.6
不是真的吧,0.6
我认为这事儿不靠谱。500亿，而且是美元。首先，总得要有个法定的审议程序吧？其次，总得认真的向全体纳税人有个交代吧？既没程序又没交代的事，在法制健全的社会里，是不会发生的。,0.6
出来辟谣的消息，一般是真的,0.6
不会的，这不成大大大头吗！,0.6
不是说辟谣？,0.6
不是已经辟谣了咩,0.6
应该是真的，我笑死他哈哈,0.6
虽然是假消息，不过如果是真的，不得不佩服SAMSUNG的壮举！,0.6
听说已经辟谣。。。真心希望是真的。。。虽然不喜欢三星但更不喜欢苹果。。。,0.6
不是已经辟谣了咩,0.6
这个不是假新闻么。三星都还要上诉呢，怎么可能现在就付钱,0.6
真的？好狠,0.6
最可怜的估计是银行了,0.6
应该是真的，我笑死他哈哈,0.6
貌似应该是十亿,0.6
我赌一个ゆで卵这是假的==要是真的我就去吃水煮蛋！,0.6
等等，怎么会这样！！要给我家初三的小妹妹幻灭一下~~,0.6
我不相信这个人是晓溪姐，晓溪姐快出来辟谣吧,0.6
貌似只有泡沫之夏是看得下去的,0.6
一直以为是少女。。虽然没看过她的书,0.6
您竟然看过!,0.6
我一直以为是80后写的,0.6
我一直觉得她的文有一种深深的玛丽苏文的感觉,0.6
居然是学姐！,0.6
一直也以为她是个少女的啊。。。,0.6
不!!!这不是真的!!!!!!!比我妈还大啊........,0.6
竟然是我同事。。。,0.6
看来还是真的,0.6
这是明晓溪！！！好少女哦~果然这才是少女的代表么！,0.6
.....当时一直以为是个少女....,0.6
据说是假的，辟过谣,0.6
不！一定是假的！我不信我不信！(×_×),0.6
我怎么觉得不像是她啊。。。。,0.6
括号里的真假？,0.6
不可能的吧！我疯了！,0.6
这个是腾讯的新闻啊，咋不实信息？？？？？,0.6
这图以前不是辟谣过？,0.6
编谣的主是不是闭着眼睛戳地图点到那个地儿就用地名来创造段子啊？,0.6
不可思议呀，难道中国不适合人类居住了？连这样的人都移民，看来有钱有权的人都在外逃。,0.6
：但愿不是真的,0.6
希望王岐山看到,0.6
感觉那麽不靠谱呢……,0.6
建议把明十三陵全部挖开，宝货全部拍卖，实现全面医保――医你妈个逼保，在骂贪官污吏的时候，能不能讲点经济学？,0.6
先不说这事是假的，闵煮国家问责过的政客有几个，本朝倒是不少倒霉蛋,0.6
希望是假消息,0.6
好像是假新闻,0.6
不是真的吧。。不能相信呐。。Variety没有报啊。。,0.6
不说是假消息么？不说去年就滑雪死过了么？千万别是真的……,0.6
有点扯。。。,0.6
这也太神奇了？这位记者是中头彩了吧！,0.6
这不糊弄人吗？,0.6
央视能不能稍微靠谱点,0.6
是真的么？是真的~！,0.6
我也不知道啊。。。假的吧？谁出来说句话啊！！！,0.6
不可能吧，名人知道喝酒不开车的。,0.6
假的可能性很大，前两天传的青岛市长玩3p，就被证实是假的，,0.6
你这个博主经常爆料，这些料你自己判断过真假吗？你这么爆料难道就不算造谣吗？,0.6
造谣不好，应该谴责！,0.6
至少左边这个图片是假的,0.6
怎么是假消息呢,0.6
怎么是假的呢,0.6
图片虽然是借用，但深圳中院的蛀虫真的还是很多！,0.6
未必是真相！拭目以待！,0.6
居然还有这种事！,0.6
这个不管是真是假，我觉得杜绝此类事件是必须的啊。。。,0.6
这是前几年的那个新闻吗？怎么现在又拉出来了？,0.6
看来是真的吧，，，逃了这么多，怎么没上新闻呢。。有关部门又是怎样履行看管职责的，奇葩的国家,0.6
那个。。不是说他早就走了么？？哎，一路走好，下辈子投个好人家,0.6
举报的估计都是猫粪吧。,0.6
怎么又出现了，这孩子好象在很多城市,0.6
不像假的～,0.6
即使是真的，也是以前的信息了，军牌子在今年上半年换完了，原南K改为NK了。所以提供此信息者是别有用心啊！,0.6
我赶脚，就算不是真的，这位大师也离二进宫不远了～今天看新闻，原来他之前坐过牢，而且还逃过狱～～,0.6
看来是真的？两个人这么说了,0.6
真是好消息，最起码不坏！,0.6
似乎有此事，正核实呢:,0.6
看来是真的？两个人这么说了,0.6
真是好消息，最起码不坏！,0.6
不可能吧？不相信真说过这话，出处？,0.6
希望她能有好运吧，转！,0.6
很赞同你的说法，其实她可能原本只是为了骗父母，没想到会有个热心的表姐把事情弄到微博上，然后事情越闹越大。,0.6
凭我的感觉小女孩不像是说谎，社会太黑暗了这种事情真的有可能发生，悲哀！,0.6
好吧，骗人的。。。,0.6
这也太荒谬了吧,0.6
人贩子必须枪毙才能稍微杜绝，太坏了。家人也要坚强，希望警方给力！,0.6
散布谣言。刑事拘留！,0.6
有人说是假消息，已经辟谣了,0.6
又来又来这招？烦不烦？假不假？,0.6
每次都是大润发有点新意好不好？！,0.6
又换了一个地名的大润发版本，都不经核实乱发什么啊。,0.6
我老感觉打那个电话，电话费会被吸光呢，之前有见过这种骗术,0.6
抓到人贩子就该把他手脚废了，让他受受苦头。,0.6
这样的模式，应该是假信息。,0.6
这么大的中国每天没有什么好事，打开微博都是些让人郁闷的事情。,0.6
怎么这么缺德！还有人放这样的消息来拨人眼球！！,0.6
假的？你妹啊，欺骗人心,0.6
我讨厌炒作的＿欺骗人心你就那么的高兴么,0.6
唉，本是好心啊！！！,0.6
这个博主，你为了增加人气欺骗大家，你是要死吗~,0.6
为什么刑律不改一改？人贩子就该死,0.6
发此信息的人，你摊上大事了。,0.6
原来她家想增加粉丝啊！故意滴对吧,0.6
小女孩照片经常被盗用，哎！欺骗善良的人,0.6
太过分了！不过孩子没事儿最好！,0.6
啊啊啊啊欺骗我们的感情,0.6
小闺女一定会回家！,0.6
看我微薄，我截图了,0.6
看我第一条微薄，我截图了……,0.6
人贩子都去死吧！,0.6
这么好看的娃丢了真心急,0.6
希望她早日回到爸妈身边！,0.6
祈求孩子平安，安全回到家人怀抱,0.6
太过分了！不过孩子没事儿最好！,0.6
不是吧？又是这种事，多可爱的小姑娘啊。,0.6
这样乱散布谣言，会受到法律的制裁吧！,0.6
唉～又欺骗我们的良心。,0.6
这漂亮的女孩，估计家人心都碎了，赶紧找到！偷小孩的人真不知道模样下得了手,0.6
这照片不是被拐小姑娘吧？都不写小姑娘的品貌特征和衣着，让人怎么留意，怎么提供信息？！,0.6
我严重怀疑咱郑州那个是真的吗,0.6
捕捉？我和我的老伙伴们都惊呆了,0.6
估计摄影师又要给吐槽了，怎么不去救人？,0.6
尼玛P的吧,0.6
不是摆拍的话，他得推下去多少人啊,0.6
干嘛不救？还拍照！,0.6
不知道救人吗！,0.6
捕捉？我和我的老伙伴们都惊呆了,0.6
如果没猜错是摆拍的,0.6
挺震撼的?,0.6
这个姿势的意思好像是fuckyou,0.6
一定……是……误传，一定要是误传！,0.6
刚刚到了百度金庸吧里，那边都在说是谣言。香港媒体没有消息，大媒体也没有消息。估计又是一个炒作,0.6
又是被去世吧,0.6
转发此微博:毕竟那么大年纪了，也是有可能的，关注！,0.6
转发此微博:网传金庸先生去世。目前未被权威消息证实，也可能是谣言。有网友称，香港并没有那家圣玛丽亚医院。晨报将密切关注，一有权威消息将立即发布。,0.6
假的可能性比较大了，似乎尖沙咀没有个圣玛利亚医院。,0.6
应该不是真的吧，香港媒体都没得到消息,0.6
没官方说法，暂时不信,0.6
这种炒作的话实在太恶心了,0.6
转发此微博:有网友说没那家医院。,0.6
金庸死了！我也不想活了！！！,0.6
转发此微博:估计又是假消息吧,0.6
我不敢相信！又一个泰斗离去，武侠界的缺憾……,0.6
假消息假消息假消息假消息。。。。。,0.6
武侠三巨擘就剩金庸先生了，他老人家活着，我看武侠小说才有个寄托。,0.6
怎么会呢？？这应该是不可能的吧！,0.6
转发此微博:还好还好。,0.6
不知哪个说是的？,0.6
我顶~~香港都没消息，我们这边就传开了？？？我怎么有被忽悠的感觉~~~发假消息的人应当受到谴责~而且原微薄被删除了，大家想是什么原因~~~,0.6
年纪那么大死了也正常金庸好走,0.6
转发此微博:第一次求假新闻！！决非真的……,0.6
不相信，受不了……唯一崇拜的名人，祈祷,0.6
造谣造谣啊，不带这么吓唬人的。,0.6
太好了，刚看见两个名人发这消息，以为是真的，还挺伤感。祝金大侠健康长寿！,0.6
如果大侠不幸去世，那兄弟我也想服毒自尽了~,0.6
额！？不是吧，又一文坛巨星,0.6
转发此微博:估计是真的吧！,0.6
如果是真的那我真的真的很伤感!我可是小学开始就读他的书他的武侠小说伴我成长的啊!,0.6
这不会是真的！,0.6
骗人了吧！！,0.6
据说是是造谣,0.6
表示不相信~~这种传言都好多次了吧见怪不怪~~,0.6
祝福金庸老先生！诸神保佑！最欣赏您的那句！侠之大者为国为民！,0.6
不是吧，海宁人民要哭泣了～～,0.6
貌似新浪没肯定,0.6
悲！！不久前大师不是还在英国进修吗？,0.6
应该不是真的。,0.6
又是假的吧！！,0.6
不可能吧！！！,0.6
不是真的不是真的不是真的,0.6
哇你会吧我也算个金庸迷啊望他老人家平安无事,0.6
这种事情造谣真的是太缺德了！！！！,0.6
别乱咒人死啊某些炒作人士==,0.6
假的可能性比较大了，似乎尖沙咀没有个圣玛利亚医院。,0.6
又是骗人的吧(⊙o⊙),0.6
问了好几个香港媒体都不知谁在乱传啊东方日报记者说根本没有消息上次乱传了一次了,0.6
不相信，曾经的青葱岁月，有您的经典陪伴。,0.6
表示很震惊，金大侠~~,0.6
不会的，怎么可能？,0.6
谁在胡说八道啊,0.6
假的吧。。。,0.6
谁要是造谣我用九阴真经废他性功能,0.6
假的吧！！！假的吧！！！！,0.6
假的假的！！！！一定要是假的！！！！！,0.6
感觉这次是真的！,0.6
不会吧，一代武侠大师就这样西去了，很惋惜。,0.6
不是真的不是真的不是真的~！！！,0.6
谣言吓死人了。这些人也太无聊了。,0.6
不要啊，我敬重的金庸！！！,0.6
系度{言啊,0.6
香港媒体都不知道你新浪咋的就知道了呢？每天多点等死不成？,0.6
应该是真实的吧，,0.6
应该假的吧!香港媒体都不知道诶。造谣的太无聊了吧!,0.6
ohno...,0.6
还好还好。,0.6
希望金大侠安康,0.6
加V的用户你们敢不敢不乱说话！！！,0.6
直觉这是真的，金、古、梁…感谢你们给我那些捧着书舍不得睡着的夜晚…,0.6
…………这不是真的,0.6
据说有误。,0.6
为何3G新闻确定了？OHNO,0.6
到底是咋呀？？！！这事也敢造谣？？？谣言制造者想怎样？？？！！！,0.6
干嘛要乱传，真是的。,0.6
好歹挂着个新浪的名头，要找八卦能找点靠谱的人八吗？就算要炒人气找了不靠谱的那能找个有口德的吗？,0.6
厄，尖沙咀貌似系无医院的,0.6
中脑炎还可以理解，这胼胝体怎么还能积水呢…？,0.6
嗯~~~刚才查了一下……应该是假的……查老师定会长命百岁……,0.6
我KAO！！！这事也拿来开玩笑，心理变态吧！！！！！！,0.6
不会吧！保佑！,0.6
不是吧。金庸先生的身体好像还很好的。,0.6
NO!谁在造谣！！！！！　金庸爷爷的书陪我度过了六年时光,0.6
好像不是真的！但愿不是真的！,0.6
不会吧，骗人的！！！,0.6
不会吧。。,0.6
what?我不相信！这不是真的！,0.6
据说是假的啊,0.6
@好像F了一c吧。。。,0.6
晕乱讲!!!,0.6
当然是车主了,0.8
全市高清探头启用，拍摄打电话、副驾驶不系安全带等违法行为。近日，这样一条信息通过短信、微博在市民中传播，不少司机惊叹于高清探头的威力。昨日，交管部门表示，交管部门从未发过此类信息，但是对于违法行为一直在严格查处。,0.8
在澳洲，别说副驾驶了，就算是后排座，或者小宝宝都要系安全带！每人次3分，如果车上4个人都没带安全带，那直接就吊销驾照了。,0.8
还能白痴点吗？嘀嗒招这样的微博管理人员也够口了，哪辈子的假新闻了，还有脸在这发布！赶紧回家喂奶去吧……,0.8
这条假消息从去年底就开始传，先是北京，后上海。。。现在又回北京。,0.8
诱娓竦牧诉@回……,0.8
别听他们胡说八道，早就辟谣了的,0.8
一条很老的假新闻,0.8
恩，好久之前就辟谣了,0.8
我有必要说假话么？丰台村里都这么查了，城里的朋友也注意下吧！,0.8
还让不让人活了,0.8
爱抢黄灯的要注意了,0.8
全市高清探头启用，拍摄打电话、副驾驶不系安全带等违法行为。近日，这样一条信息通过短信、微博在市民中传播，不少司机惊叹于高清探头的威力。昨日，交管部门表示，交管部门从未发过此类信息，但是对于违法行为一直在严格查处。,0.8
这个不是早辟谣了吗？同样的谣言又出来了，这个官V都在干嘛啊,0.8
确实都开了！今天过的所有路口摄像头都亮着！小心！,0.8
有人说是假的，但严格点也好,0.8
好e有{牙，可是我X得司C快]活路了呢，太多限制了，甚Nr候也限制一下行人和非C榆啊,0.8
还能白痴点吗？嘀嗒招这样的微博管理人员也够口了，哪辈子的假新闻了，还有脸在这发布！赶紧回家喂奶去吧……,0.8
我才不信~酒驾处罚倒有可能。我弟就是监控器工程师。我怎么没被拍。,0.8
不要乱传啦，电视新闻都讲左呢D系呃人，发黎托啊，制造混乱,0.8
你有无睇新闻噶?一早就辟谣啦..果断取消关注,0.8
辟{好耐啦，吾吾好yl啦！,0.8
擦，不是很早之前就有辟谣了么，还有人信啊,0.8
不早就微博辟谣了嘛？怎么还有？,0.8
已经辟左谣鸟~,0.8
九百年前旧闻。而且新闻早就辟谣过啦。甘样害死D瓜农丫！成日系度撩事斗非无中生有。睇你唔惯好耐啦！仲N多广告！取消关注！,0.8
淘宝不可能这样做！即使针对商品需求，天猫和淘宝针对的用户群就不一样。而且不同平台卖家适用规则不一样，这样做明摆着要干死草根创业者。,0.8
可以确定不会。如果今天淘宝个人店如果真的这样关了，明天QQ或者起码就能马上做起来，大家要买个人店的东西照样可以去，因为这块的需求还是不小的。互联网是个目前比较市场化的行业~~~,0.8
是个人都有内部消息。。。这条简直是蔑视围观群众的智商嘛。,0.8
有病，没有实体产品的淘宝还是淘宝吗？扯淡,0.8
一看就知道造谣的谣言。这也信？,0.8
现在淡季，真难熬，不靠谱的消息还真能让人一惊一乍的,0.8
阿里巴巴要找死了,0.8
假消息，爆你妹。,0.8
基本上可以肯定是谣言。。,0.8
这也忒不靠谱了。。没下限啊,0.8
真TM扯蛋～～造什么谣啊，吃饱了撑的～～～,0.8
太不靠普了吧，昨天的消息也是你传的,0.8
几乎没有可操作性,0.8
居然很多人相信，看来人的智商还是有很大区别的。整么不说明天中国就土地私有化啦,0.8
传谣是不好的,0.8
没了淘宝，天猫都没办法和京东抗争的，用脚指头想想,0.8
这种脑残的你也敢转，取消关注,0.8
博主讲话不仅不负责任，甚至连起码的脑子都不肯动一下了。看到下面有人提示说博主的个人介绍很有料么，一看果然吓一跳。牛已经很累了，亲！,0.8
怎么看都不靠谱。。这样的假消息竟然还有人信。。。,0.8
可以确定不会。如果今天淘宝个人店如果真的这样关了，明天QQ或者起码就能马上做起来，大家要买个人店的东西照样可以去，因为这块的需求还是不小的。互联网是个目前比较市场化的行业~~~,0.8
兄弟这个消息超级不靠谱啊怎么想怎么不可能,0.8
.....这么脑残的想法也想得出？,0.8
我倒希望这个消息是真的，现在是唯恐天下不乱。,0.8
这个动作成本太高了吧？,0.8
不太相信。。你非要把菜市场弄到西单去，这有点。。。,0.8
淘宝不可能这样做！即使针对商品需求，天猫和淘宝针对的用户群就不一样。而且不同平台卖家适用规则不一样，这样做明摆着要干死草根创业者。,0.8
基本上可以肯定是谣言。。,0.8
怎么可能。那么大的C2C市场。。。SB啊。。。,0.8
这个有点不靠谱吧？这么多c店卖家就死掉？估计又要闹起来了吧，待求证！有内幕信息的来说说。,0.8
感觉很坑爹,0.8
不太相信。可行性不大。,0.8
我只能说调整有可能，说得这么过分我怎么一点都不信,0.8
谣言可能性更大,0.8
我认为不靠谱。谁会把所有的农贸市场变成商场。,0.8
就知道不可能,0.8
可能性很小，其效果相当于一场电商地震。大家说说看。,0.8
有点夸张，不太让人相信。动机不明，不知道是什么意思,0.8
原来是真实的，我以为是假的，好恐怖！,0.8
这个貌似以前看到过！？#YiBo微博#,0.8
希望是假的,0.8
出来辟谣的消息，一般是真的,0.8
我觉得这事不靠谱，谁会负责拍板呢？总有决策制度的，毕竟是500亿美金，换成人民币得几千亿，不会说免就免的。国家拉动投资，4万亿就轰动几年，这几千亿的事情不会这样草率的，毕竟是国家，又不是你家我家过家家的。,0.8
假的吧，中国人那么傻？,0.8
假的吧！要真这样还怎么让人再相信“党”！,0.8
求辟谣！！！,0.8
胡说吧？咱们国家能做这样忘民的事？求真伪。,0.8
逻辑看，假的,0.8
直觉告诉我不可能，500亿美金可不是小数字，zf不可能出这么弱的招的。而且此前此条谣言被辟谣过。理智的爱国和批评政府，不能被一些别有用心的人给利用，那时候就得不偿失了。,0.8
假消息吧今年二月份就有同样的消息传出,0.8
不是刚刚辟谣了吗????,0.8
这个还真可能是假的因为中国的黄金储备在美国,0.8
是假的好嘛,0.8
假的吧，第一，这三辆卡车装不下，第二，为什么要赔现金,0.8
假新闻来着,0.8
都说是假的了。。。,0.8
我操，不会吧。。,0.8
苹果可能崩溃了。,0.8
假的吧，第一，这三辆卡车装不下，第二，为什么要赔现金,0.8
我怎么记得她一直都在武汉来着。。。,0.8
逦乙恢币晕她是80后……,0.8
假的吧假的吧,0.8
这不是真的！,0.8
我也一直以为是30岁左右的姐姐,0.8
我就一直觉得肯定是大妈来的,0.8
假的吧......那她家【布布】呢？,0.8
这不是真的吧,0.8
原来明晓溪这个样子啊,0.8
我曾经爱过的明若晓溪原来是这样的,0.8
我一直以为是坊间传说…,0.8
我以为是90后诶，需要时间消化~,0.8
这个。。我一直以为她很年轻的，被笔名忽悠了啊,0.8
其实应该是她挺聪明的，小孩和女人的钱最好赚。更何况是「女孩?」,0.8
居然是安阳师专的,0.8
她居然是明晓溪！想起初中时还看过以明晓溪为主角的言情小说……,0.8
那个，这不是真的吧,0.8
这不是真的吧。之前看说去签书拍到的装扮好像是很年轻的姑娘啊。。。9年特辑还有写和男朋友的故事好吗不过硕士神马的。。也的确不可能太年轻啦。。。顿时觉得被雷劈到。。,0.8
居然是明晓溪！！！,0.8
擦。。。我以为明小溪是个美少女呢！！,0.8
我擦！！居然是这样！！！！,0.8
我以为她是个漂亮姐姐呢…你。。。,0.8
这不是真的，不是真的……,0.8
假的假的！！一定不能是真的,0.8
幸好是假的,0.8
不可能的着一定是假的＝＝那文风太少女了吧＝＝,0.8
这个不是n早就辟谣了是假的么==,0.8
很久之前不是辟谣过说这个信息是假的么--？,0.8
这个不是已经辟谣了么,0.8
这图以前不是辟谣过？,0.8
这是谣言吧，前段时间辟过谣,0.8
不是已经辟谣了吗？,0.8
这不正好说明中国的开放和宽容么？这难道不是民主国家一直希望的？难道楼主希望中国采取什么限制措施么？发现楼主的言行很不一致。,0.8
假的吧，她好似刚参加了斯巴达，党不允许外国人参加这类会议吧？,0.8
请知情网友爆料真相，如果属实，相关犯罪人等必杀无赦,0.8
这个图片到底是哪里的，我不知道，但是我能断定的事，这个微博内容有问题！因为这个地方与百度后的宁波妇幼医院周边环境，完全不同。难道不造谣要死吗！辟谣党主席，点爷，您看看,0.8
新浪应该吧这些造谣传谣的都踢出去。,0.8
不论新闻真假，这么一条人命死在马路上是真！悲苦在人间！,0.8
竟然就在宁波…,0.8
切！讨厌！原来是假新闻,0.8
希望是假消息,0.8
假的，他不能死，他死了tomwaits找谁借钱去!,0.8
我日，怎么能就那么轻易的去了呢……假的可以,0.8
但愿是假消息，但愿他安好。,0.8
假的吧，凯奇都＂被死亡＂无数次啦,0.8
希望不是真的，最近几年烂片虽多，缓过来应该还会有忧郁帝的表现。,0.8
幸亏是谣言！,0.8
火车盒饭是15好吧，最便宜的了,0.8
盒饭30元起吧！矿泉水5块以上,0.8
盒饭是二十元呀。,0.8
给领导看的吧，然后领导说既然物价这么低，CPI神马滴，随便涨,0.8
我怎么记得我吃的50.。。,0.8
好像有人辟谣过不是这样写的,0.8
造谣的吧，白岩松不是北京人，这点错了其他就别说了。,0.8
图片有误吧,0.8
原来王代表是私拍达人,0.8
潜规则吧。,0.8
不愿相信这是真的,0.8
太夸张了吧,0.8
所以不太信。过去也只有高衙内这个级别才这样狂。,0.8
不是很相信。。。,0.8
不敢相信是真的！,0.8
个人表示非常质疑！,0.8
不会吧？！猴哥，走好！,0.8
我就说觉得听过类似的事呢，果然是个旧闻,0.8
这是假的哟,0.8
我想说这是假的，不要盲目丛众转发~,0.8
原来是真的。。。端午回家去躲躲吧,0.8
很明显不是越狱好吧，集体越狱绵阳早就武警遍地了,0.8
假的吧？端午节不敢回江油了,0.8
辟谣了。是哪个影视基地的道具,0.8
看来是假的,0.8
假的吧，北美的森林覆盖率是35%以上，这样太假了，虽然我也支持保护森林，但是用弄虚作假的方式宣传也不对,0.8
啊，真的说过吗，不会吧。,0.8
假的吧，不然这智商,0.8
这不是真的吧，要是这太奇葩了吧,0.8
不会吧？肯定是谣言，这智商只有5岁,0.8
假新闻吧，不过美国领事馆采样地确实选在北京空气质量较差的地方,0.8
证实为假消息了啊,0.8
我知道。但是我更愿意去相信她说的是真的。谁不希望社会更公平些。况且更没必要在真相还没出来之前就说她是骗人，等等诋毁人的话。当一个人高考成绩被改了的时候，以调包来吸引眼球，从而尽快获得帮助，我想也不是不能理解。为什么不能给予更多的帮助和支持，而是在这一直抨击。,0.8
应该申请要求调出试卷核对的。,0.8
申请调出试卷吧！,0.8
太假了吧。。。。,0.8
看来是假的,0.8
这个信息曾在微信朋友圈发，格式几乎完全相同，这样的消息有什么意义,0.8
假的吧？前阵子就有了各地超市门口都说丢三岁女孩，都说能准确说出家人电话号码,0.8
太过分了，老是这种情况！！！！,0.8
假新闻吧，求辟谣及删热门,0.8
之前不是说在武汉的大润发被拐了么，现在换个地名都出来了,0.8
现在微博热门少看了要，尽是谣言啊,0.8
人贩子抓住都应该拉出去毙了!,0.8
博主这么想红！真恶心！为什么要骗取大家的好心,0.8
不是说假的吗?我朋友他们在龙华大润发上班都没有说、,0.8
能别造谣了吗？一个月前就看到一模一样的在我们这走失的，除了地址其余的一字不差,0.8
假消息好吧,0.8
这个事情可以找富士康的帮忙、富士康龙华的员工遍地都是、扩散！！！！,0.8
事发深圳～手机号码确实福建漳州？什么情况？别拿大家开玩笑……,0.8
假消息。。。,0.8
人贩子就应该枪毙,0.8
一看照片就知道是网络图片啦,0.8
这种长相的小娃娃太容易引来犯罪分子拉,0.8
混蛋，这种人就该剥夺他上网的权力，勉的以后再害人,0.8
散布谣言罪,0.8
博主你再吹…！这图片上的小孩明明就是童星！！,0.8
看博主最新的几条微博~不要乱喷~,0.8
早就看到了！！我知道我发评论可以置顶。现在那么多人还不知道我说怎么了？我就说他吹。我怎么喷了？呵,0.8
既然内容不实就该马上改掉，不要浪费大家的爱心,0.8
事发深圳！却留下福建漳州的手机号码！,0.8
竟然是假的,0.8
就是，欺骗我们感情！,0.8
是啊，就该被人肉！虚伪！,0.8
博主很假，好么？看我第一条微薄的截图……他居然又删了我截图上面那条微薄……,0.8
不知道这些人图的什么。盗用小明星的图。太过分了。,0.8
卧槽快把这孩子照片删了这么可爱都被玷污了,0.8
好漂亮的小姑娘啊拐卖孩子的都他妈枪毙！！！,0.8
才对了。这些人真是垃圾，无聊。,0.8
可恶的罪犯，可怜&粗心的家长！,0.8
快传啊。。通缉人贩啊。。。,0.8
中国太多用同情心以??l微博，骗取金钱。我认为作为一名共众人物的艺人，要在100%确定才??l。因为你影响力大。讲真这条我不太相信，监控不，小孩相片不，父母相片不见，只见联系人，联系人是谁?手机号作用?小女孩能说出爸爸手机号，郑春蓉男的名字?小女孩说出的号码就是这个?,0.8
人贩子就该枪毙。,0.8
尽快回家吧?,0.8
这居然是假消息，什么人干的，无聊！,0.8
这是死多少次才能有的淡定。。。,0.8
人在生死关头，只会做出本能的求生手势，可能摆个yes的姿势吗？,0.8
憋逗了，看水纹好么，你家洪水这么平静,0.8
中指是fuck，食指是you，fuckyou？,0.8
我想说，手背朝外的剪刀手是fuckyou的意思，和中指含义一样，他想表达得应该是：你丫为毛不救我,0.8
扯鸡巴蛋，手一伸就抓到旁边枝子了,0.8
不懂别乱说，这手势你懂毛，是操你吗的意思，FUCKYOU。,0.8
人在生死关头，只会做出本能的求生手势，可能摆个yes的姿势吗？,0.8
不得不说这哥们，好淡定！！！,0.8
这照片很震撼,0.8
我被震撼了,0.8
对摄影师的尊重，震撼到我了,0.8
是该去自杀,0.8
受到了震撼,0.8
讲话要有根据的！,0.8
看来是真的了,0.8
请不要相信,0.8
这肯定是假的！！！假的假的假的！！！！！,0.8
谣言一定时谣言！,0.8
跟进什么啊，百度一家就知道是假的了~~专业媒体要有专业的素质,0.8
转发此微博:假滴假滴,0.8
据说香港根本不存在这样一家医院。现在香港各大电视台和Twitter上都没有出现经过证实的消息。不知道这个消息是如何出来的？,0.8
表示很震惊，金大侠~~,0.8
尖沙咀没有圣玛利亚医院请带V的核实后才转发！毕竟是件不吉利的事情。要是搞错了，对金大侠也太不尊重了,0.8
谁在胡说八道啊,0.8
没确定的事情就别发了，对人不尊重！,0.8
感觉这次是真的！,0.8
不可能！香港最为强大的狗仔队都没有得到确实消息，微博传言这种小道消息怎么能轻易相信！,0.8
金大侠一定没事的，一定的,0.8
系度{言啊,0.8
假消息好吧。内地媒体会比香港媒体先知道？？？！！！,0.8
转发此微博:马云刚提金庸、结果。。,0.8
都在传，但是传言中的几点值得质疑。一、金庸是1924年3月10日出生的吧，而非1924年3月22日出生。二、香港没有尖沙咀圣玛利亚医院吧，倒是有个玛丽医院。,0.8
直觉这是真的，金、古、梁…感谢你们给我那些捧着书舍不得睡着的夜晚…,0.8
但总会有这么一天的啊…………,0.8
…………这不是真的,0.8
哎・大师啊！,0.8
不是说假的了么？,0.8
假的死你一c不!!!香港哪有那家t院!?]有X子啊!?,0.8
转发此微博:不会吧、愤怒！就跟成龙李连杰等不在了一样！没有经典有电趣的影一样、没有武侠！,0.8
这。。。。假新闻铺天盖地啊,0.8
新浪娱乐没证实都发...,0.8
貌似是假的。金庸昨天刚出席树仁大学荣誉博士颁授仪式。金大侠应该是“被逝世”了,0.8
转发此微博:这一天终于还是来了,0.8
假的绝对假的！＞＜,0.8
一代大师。不会陨落了吧。影响的不是一代人！！致敬！,0.8
内地的网络新闻现在可信度是-100000！！,0.8
就会跟在PG后边瞎发消息，也不核实。,0.8
有是假消息,0.8
假的吧，没查到这医院。,0.8
转发此微博:这不是真的……,0.8
应该是真的吧，金庸年纪也确实大了。,0.8
这些人也真是疯掉了，拿这种事随便说，没人性！,0.8
联络一下医院吧。,0.8
加油小新，继续核实下，记得今年6月份都疯传一次了，谁这么不道德造谣,0.8
请不要相信,0.8
我不相信香港媒体会放过这样一条震惊的消息香港媒体报道之快连老江头都亲口提到过所以・・这条消息八成是假的・・,0.8
谣言一定时谣言！,0.8
怎么有穿越的感觉呀。有点难以接受,0.8
差不多了。。。无风不起浪。。,0.8
如果是真，香港早就breakingnews了,0.8
啊，还是真的啊……,0.8
假的假的假的假的假的……,0.8
祝福金大侠！,0.8
不会吧！！！！肯定是假的......,0.8
google了所有的新闻来源，都没有看到有关报道！希望微博不是传谣的地方。,0.8
没官方说法，暂时不信,0.8
还没确切消息…,0.8
不要乱传消息,0.8
大家看！还没证实！！,0.8
哎呀，香港哪有}利t院！我竟然也差c相信了,0.8
据说是假新闻，只是奇怪谁这么无聊？,0.8
到底没照顾好我七舅老爷啊~~,0.8
我不敢相信！又一个泰斗离去，武侠界的缺憾……,0.8
这不是真的，这不是真的・・・・・・,0.8
有点接受不了,0.8
金大侠一定没事的，一定的,0.8
这个应该算是新浪官方的消息了~,0.8
坑爹啊！我不信我不信！TAT,0.8
不可能！去之前怎么也传点内力啊秘籍啊啥的吧？,0.8
都在传，但是传言中的几点值得质疑。一、金庸是1924年3月10日出生的吧，而非1924年3月22日出生。二、香港没有尖沙咀圣玛利亚医院吧，倒是有个玛丽医院。,0.8
还好还好~问金庸好,0.8
一定是假的。。。不会的。不会的。。念力中！！！,0.8
可耻的骗子！怎么能这么瞎编乱造！那可是我最崇敬的人啊,0.8
不是吧。。。闾丘露薇说假的,0.8
不愿意相信―,0.8
我顶~~香港都没消息，我们这边就传开了？？？我怎么有被忽悠的感觉~~~发假消息的人应当受到谴责~而且原微薄被删除了，大家想是什么原因~~~,0.8
第一次求假新闻！！决非真的……,0.8
看来是真的了。。。太震惊了！大师走好，深切悼念！,0.8
假的死你一c不!!!香港哪有那家t院!?]有X子啊!?,0.8
造谣造谣啊，不带这么吓唬人的。,0.8
这。。。。假新闻铺天盖地啊,0.8
估计是真的,0.8
假消息啊...,0.8
这不是真的这不是真的,0.8
估计是真的吧！,0.8
怎么官博也这样啊？！,0.8
所以涡侣很假～～,0.8
相信是真的，可惜了。,0.8
天呐，这是假的。,0.8
哦～　这不是真的～　哪个说的谣言在这是惑众～,0.8
应该不会是真的,0.8
?微博别拿人命开玩笑大了.,0.8
骗人了吧！！,0.8
心中永远的大师!今狐冲，张无忌，韦小宝…那一串串耳熟能详的名字，影响了我们一代又一代!是上帝在嫉妒我们吗？,0.8
真是遗憾啊。。。。,0.8
就是就是,0.8
半年前编这条儿的几个人都抓了，您老人家不看新闻啊？,1
这条谣言被辟谣都快2年了，这企业官方微博能干点正经人事吗？鼓励大家遵守交规也用点正当方式好吧？,1
交管局已经辟谣了！无须紧张！,1
那就是谣言！,1
都已经证实是假消息了。。。而且是很久之前的。。。,1
澳洲的法律规定车上成员不管是坐在哪个位置都必须系安全带，婴儿必须坐在婴儿座里，所以澳洲的车前座后座都设置有安全带。奉劝开车坐车的同志们只要上车就把安全带系上，千万不要存在侥幸心理，关键时刻那根儿小小的带子能救你一命。,1
谣言，别信,1
闲得蛋疼的人真能编,1
交管部门已辟谣。目前技术条件无法识别副驾驶安全带，但是坐在副驾驶也一定要扣好安全带！别以为北京堵车速度慢就没事！,1
这个绝对是假消息。。。。,1
完全不靠谱,1
假得不能再假了,1
这个绝对是真的，因为晚上我也接到一个小二的电话，他们也是这样说的。,1
很明显的假消息,1
小道消息..不可相信而且也绝对不现实,1
完全是扯淡,1
除非阿里脑子进水一心求死,1
好JB扯淡的玩意啊,1
扯淡。荒诞程度类似于说支付宝的盈利模式是吸存放贷。,1
就这水平也副总裁？这么水的消息也能相信，你做总裁估计公司就只有关门啦,1
是真的我把电脑吃掉。挑战下线吗？亲,1
调整是有可能，这样完全不可能。除非楼主去当阿里CEO。,1
没有最扯，只有更扯，扯吧，小心蛋蛋,1
真TM扯谈，70%的流量都来自淘宝，关了喝西北风,1
淘宝是一家影响着2亿人的企业，政策不该说变就变，得认真考虑下用户的感受！,1
你也太能扯淡了,1
靠，造谣有点常识撒,1
坑爹的消息,1
您是哪家的托？放这种消息。。,1
这个不是傻逼观点嘛？太不靠谱了。,1
这个谣言很脑残！！！！,1
我是来消灭妖怪的，这明显是广告贴，博主脑子被驴T了，又是一家快活不下去的代运营公司,1
假的。这么离谱的谣言竟然也有人传。,1
请勿传播谣言！纯属胡扯,1
看博主自我介绍就不知道不靠谱了对于互联网从业超过11年的人我是这么看的,1
如此造谣，真看不下去了。,1
真TM扯蛋。,1
造谣！杀无赦！,1
这个绝对是假消息。。。。,1
淘宝没有必要这样做。,1
哥，造谣要负责的,1
这个有点狠,1
这消息应该叫超级扯淡才对！,1
淘宝不可能这样做！即使针对商品需求，天猫和淘宝针对的用户群就不一样。而且不同平台卖家适用规则不一样，这样做明摆着要干死草根创业者。,1
卖家不是傻子，淘宝更不可能是。造谣意欲为何？,1
谣言，鉴定完毕。,1
#甚是荒堂#淘宝不可能也没有必要这么做。怎么总有这么一帮造遥生非之徒？,1
呃，传谣也动点脑子好不，游戏点卡、话费充值、彩票业务主导权在谁手里？,1
一看就是假爆料马云这样做无异于自杀。再说淘宝跟天猫在慢慢的分离。,1
同意，完全没必要，这感觉是在Yy,1
真是乱爆~,1
不会吧，淘宝专做注虚拟商品！实体商品全部到天猫上销售，这怎么可能啊。。淘宝网这样做法。肯定搞死人的，很多人要死的。。完全不靠谱,1
同意，瞎搞，谣言,1
这不可能==,1
淘宝真这样做，必死无疑。而且保证会带来社会动荡。即使淘宝要这么做，朝廷也不会允许。,1
扯淡。。。。,1
没有淘宝还有腾讯一看就是谣言！,1
生活在淘宝，购物在天猫？尚未证实，纯属谣传吧,1
假得不能再假了,1
淘宝又要出来辟谣了,1
这...想出名都不用脑子的？带点智商好不好？,1
消息的真实性有待考证,1
这个爆料总有一个是脑残，不是你就是淘宝。但我相信应不是淘宝,1
这个料感觉有点扯蛋了,1
这种消息太假了....,1
假消息，爆你妹。,1
小道消息..不可相信而且也绝对不现实,1
真TM扯蛋～～造什么谣啊，吃饱了撑的～～～,1
不可能赶走小卖家，淘宝才没那么笨,1
确实太假了，哈哈,1
太假了！离了小买家，淘宝会死，离了淘宝，阿里会死！,1
用屁股想都知道是不可能的！,1
半年前曾有一个传闻，看来陆续在实施,1
虚拟商品有这么大的市场？！,1
完全是扯淡,1
显然是假的,1
天猫想变成第二个淘宝的话，才可能会这样做！,1
脑残信息，谁信谁傻逼。,1
除非阿里脑子进水一心求死,1
扯淡。荒诞程度类似于说支付宝的盈利模式是吸存放贷。,1
谁傻谁信。。。。。。。博主的这内部消息也太内部了。。。。。。。。。。。。。。。。,1
这不扯淡么，不信谣不传谣谢谢。,1
这种料也能爆、用脚想也知道不是真的！,1
真TM扯谈，70%的流量都来自淘宝，关了喝西北风,1
不可能，虚拟商品量小并且透明度高，最后会做死。,1
太扯了呵呵,1
必须是假的...这么大的动作，做完淘宝自己就先垮了,1
你信么？？我不信,1
淘宝谣言一条接一条啊，我看他敢这么调整,1
这货肯定没上过淘宝和天猫，纯扯淡,1
这个真不靠谱,1
这个造谣水平太差了,1
不动脑子也知道是假的,1
靠，造谣有点常识撒,1
我的判断:不可能！淘宝集市店的灵活性和个性产品为淘宝带来了海量用户且培养了消费习惯，转移到天猫淘宝损失太大得不偿失！,1
胡扯吧，不想被物流牵涉？天猫定位是什么？让出那么多交易给别人？瞎扯！如果只想做虚拟，可以再搞个空淘不就完了。,1
持观望态度。。,1
怎么可能太能胡扯了，淘宝的作用就是孵化器・・・・・・・・・・,1
我也不信啊！脑残谣！,1
快来辟谣！,1
靠，就这种人还10年电商从业经验，说话都不过大脑的真尼玛砖家,1
这个谣言很脑残！！！！,1
绝对不相信……,1
擦！不会吧！求辟谣！牵扯重大！,1
这个信息真他妈的坑爹,1
我也觉得不可能，而且这直接影响阿里巴巴。求证！,1
假的。这么离谱的谣言竟然也有人传。,1
典型的谣言炒作？,1
这样做没有可行性,1
#假#得不能再假，要这么干，马云得被多少中央部门请去喝茶，杭州总部得被多少人围攻。ps:我倒想看看真这么做了是不是我说的一样或后果更严重,1
不可能相信这是真的。,1
博主讲话不仅不负责任，甚至连起码的脑子都不肯动一下了。看到下面有人提示说博主的个人介绍很有料么，一看果然吓一跳。牛已经很累了，亲！,1
如果淘宝不做实体商业，那么就是不给小商家活路，通过天猫来做，将会加重小商家的经营成本，网购自然优势下降，淘宝也将大势已去了。,1
怎么看都不靠谱。。这样的假消息竟然还有人信。。。,1
如此造谣，真看不下去了。,1
真的话，小商贩就难过了,1
造谣！杀无赦！,1
哎，这稿子也太没水准了吧,1
说的停玄乎的,1
强烈赞同！,1
太假了，还往上报,1
我带想怎么从后面跳到前面克,1
原文都不能访问，真实个JB,1
为了新闻就乱编吧,1
记者刚从警方获悉该案已破出租车竟是正规出租车嫌疑人竟是主班司机从案发到嫌犯落网历时70小时详见本报明日报道,1
本报记者刚从警方获悉，该案已破，出租车竟是正规出租车，嫌疑人竟是主班司机，从案发到嫌犯落网，历时70小时。详见本报明日报道。,1
这下实习生编出的新闻要让楚天都市报出丑了,1
我问过，这的士没安防护栏，女学生很瘦，趁车拐弯时用劲挤到副驾去的,1
#快讯#【的士司机已被擒获！】7月13日晚7时20分，案件专班民警经过三天的缜密侦查，在汉口香江路一汽修厂，擒获作案嫌疑人、出租车司机张某。据警方调查，涉案出租车竟是正规出租车，嫌疑人竟是主班司机。详见明日楚天都市报。http:,1
你们就是喜欢造谣，之前是迷魂的士，现在又是这个，当事人报警了吗？为什么不在报道里面说出来！尼玛，你们就是个眼子！,1
这类黑车的确存在，人们在乘的士时可以将车号用短信形式告诉即将见面的朋友和亲人，也可告诉身边没上车的朋友帮忙也记一下。若是套牌车或黑车确实危险，总之自己要放机灵一些。,1
记下车牌报警啊！,1
这新闻很坑爹。麻烦您跳我看看？,1
记者刚从警方获悉该案已破出租车竟是正规出租车嫌疑人竟是主班司机从案发到嫌犯落网历时70小时详见本报明日报道,1
本报记者刚从警方获悉，该案已破，出租车竟是正规出租车，嫌疑人竟是主班司机，从案发到嫌犯落网，历时70小时。详见本报明日报道。,1
确实要小心,1
@是好消息！,1
你真会扯蛋啊，要我说这事十有八九是你干的。,1
这已经辟谣过了，这图上木乃伊是男人,1
哎专家都辟过谣了,1
太扯了。。。,1
忽悠人啊」！,1
什么时候的事了。。。早就证实是假的了,1
早就证明是湖绿了好吗PO主,1
这么假还发，不知道想什么，木乃伊可能怀孕？搞笑啊,1
omg骗人的吧～～,1
都是骗人地,1
这是我毕业论文的一个重要例证，2002年十大假新闻之一，感谢木乃伊==,1
绝对是假的,1
忽悠人啊」！,1
这是2002年的假新闻吧？,1
没有可信度,1
这新闻出来好久了还在炒!,1
假的了，从2年前就开始流传，名字、事情都一模一样,1
博主还是删了吧，百度“吴云飞+失火”就知道是假的了,1
这种明显的虚假信息，还这么多人转？？？？？？？？？？？？？？？？？？？？？？,1
我地个天，这个骗粉贴又出现了！,1
百度了下，果然是假消息。贴链接：http:,1
假的！！！！！！百度一下这个电话号码好吗？诅咒那些用善良人爱心传递做网络营销的人-------死-------全-------家---------！！！,1
回覆当事人父亲辟谣http:,1
拜托。。百度一下吧，流传了好几年的老段子了，顶多换个名字，父母双亡妹妹伤的很重都做为模板了！你们这些加V名人也不分辨一下就乱发！哎。。。,1
话说我特地打电话给他舅了，对方开口第一句就说：网上说的事是假的嘞,1
这个贴上星期见过,1
辟谣:http:,1
博主粉丝多，造谣需谨慎,1
这个好久以前都说了是谣言，请博主删除！,1
转发时经过脑子想想吧,1
请所有人做善事时先多做一件事：打电话核实。我刚与＂舅舅＂通了电话，他极其愤怒被人造假捉弄，此事纯属子虚乌有。请博主自重，帮助到真正有需要帮助的人！,1
我觉得，这些转发的人也应该检讨一下自己，多老的新闻了，好歹上网搜一搜再转啊。估计当事人都要气死了，说自己的爸妈死了，妹妹重伤。最可怜的是那个舅舅，手机被狂打吧。制造谎言的人可能是无聊或者故意坑人，传播谎言的人则缺乏思考和辨别，毕竟微博上不真实的信息还是很多的。,1
两年前就他喵的辟谣了，你还在传！http:,1
强烈谴责利用网友善心发布虚假信息进行炒作的恶劣行为！,1
好久以前的一条假消息,1
发假新闻的白痴~丢脸丢到家了~哈哈！,1
本人不对真假负责！，,1
这样的消息我以前看过很多人发过，内容都是一样的，有没有人受骗过？,1
假新闻，不要转,1
电话过去说无此事,1
假的！！！！！！百度一下这个电话号码好吗？诅咒那些用善良人爱心传递做网络营销的人-------死-------全-------家---------！！！,1
回覆当事人父亲辟谣http:,1
已经电话求证是假的，你作为名人你转发也应该先证实下真假。公共平台说话要负责任的。误导就不好了。,1
拜托。。百度一下吧，流传了好几年的老段子了，顶多换个名字，父母双亡妹妹伤的很重都做为模板了！你们这些加V名人也不分辨一下就乱发！哎。。。,1
不像真的。,1
电话是吴云的父亲接的，这是一个假消息，并且我没记错的的话数月前同样的消息已经流传过一次了！请大V们注意鉴定谨慎转发！,1
辟谣:http:,1
此信息为不实信息!下午转发后许多朋友邦转发了。不知是谁在玩弄大家的情感和善良请自重!,1
这个信息我在很早已前转过，现在还没找到当事人吗?,1
我在2011年9月转过!,1
擦！又来！不造谣你会死啊！,1
这个消息是三年前的就是南礼士路有人卧轨,1
三年前的陈芝麻烂谷子的事又翻出来炒作！,1
我不相信，是北京那里？,1
还有什么不能造假,1
假的，越南外债总额都没这么大~,1
谣言，绝对是造谣,1
谣言止于智者,1
请调查下造谣是什么罪!,1
胡说吧？咱们国家能做这样忘民的事？求真伪。,1
消息满天飞，大家还是要多多鉴别。,1
不看新闻的人真可悲。尤其是加V后的。。。。。。我嘞个去啊，绕了我吧。英雄,1
我认为这事儿不靠谱。500亿，而且是美元。首先，总得要有个法定的审议程序吧？其次，总得认真的向全体纳税人有个交代吧？既没程序又没交代的事，在法制健全的社会里，是不会发生的。,1
这类谣言见得太多了，对造谣者必须绳之以法。,1
好！鼓掌！！！,1
好，继续借，继续免,1
此条微博不真实！真实情况是给越南时就没说借，说的是送！,1
俺不信。。。,1
谣言，绝对是造谣,1
一定是造谣吧，举报！,1
这类谣言见得太多了，对造谣者必须绳之以法。,1
该新闻之前已被误报，但是中华民族的公民还是希望他早日在人间消失，李登辉中华民族败类。,1
李登辉一年被死好几回了，造谣贴！,1
又死一次，判断牛人的标准首先应该是被宣布死亡的次数。。。,1
真定假啊？系就天大喜讯啦！真系要烧PEL相庆祝了~,1
上次就传死了一次，难道又上当了蛤哈，右面都上当了,1
假新闻，这些哥们都是超能活！,1
绝对假消息无疑,1
其实二月死了一次，大家看看谷歌,1
早就该死了，这个垃圾！,1
这个消息转发了不止10次了，每次都被证明是假的。对于李登辉，也需要辩证的去看待他。,1
假新闻，和老jiang一样，老李已经被死了很多次了,1
该新闻之前已被误报，但是中华民族的公民还是希望他早日在人间消失，李登辉中华民族败类。,1
是假消息，不^食住花生睇好,1
真定假啊？系就天大喜讯啦！真系要烧PEL相庆祝了~,1
假新闻，这些哥们都是超能活！,1
等确切消息ps这是第几回传死讯了,1
查过信息并不真实,1
又是假消息,1
原来是不实信息，辟谣。,1
坐等删除。,1
原来是不实信息，辟谣。,1
辟谣说是假的,1
这个真可以！,1
已经辟谣了,1
这个辟谣了，假的！,1
这是假新闻，已辟谣。,1
已经辟谣了好吧,1
假的，已辟谣…,1
假的眩三星还要上诉呢！怎么可能赔,1
已辟谣了，何必呢。,1
都说是假的了，也不用脑子想想，平均一卡车要装3000多吨，这什么卡车啊,1
辟谣了哟，这是假的,1
都辟谣了。。,1
确定是假消息了好么！！！！会干点正事么？！每天就会发软广,1
假的已经辟谣了,1
假消息啦、、,1
虽然知道是假新闻，但BBC评论说这确实不失为一个好方法，哈哈哈,1
谣言已被破了好么,1
刚刚辟谣了，冷兔你最近肿摸了！！！！http:,1
谣言好么。。。,1
谣言也发……,1
这个假消息冷兔发消息还是要先鉴定真假吧,1
恩。。辟谣了,1
假的好明显。。。如果一个5g，200亿*5=十万吨的硬币用30辆卡车运？2000辆重卡差不多就够了，ps：去哪里找介么多硬币啊,1
已经辟谣了,1
好绝啊这个！！,1
假消息假消息假消息假消息！！！！！！你他妈能删了这条么！！！果断取消关注,1
证实了是假消息,1
假消息咯~,1
假的。。。。。,1
假新闻……三星都准备继续上诉，陪个毛线……,1
要的就是这个效果,1
假消息啦～,1
假的...已经被粉碎了...,1
太给力啦！！,1
显然是假的，一个大的企业，不可能这么儿戏，当过家家呢，呵呵呵。,1
谣言，三星还继续上诉，压根没赔钱,1
韩国人牛逼了、、、、、、、、、,1
够狠！我喜欢,1
假的。。。,1
官司输了，气势不能输,1
我擦！真可以！,1
这也太欺负人了,1
这。。。。。三星够狠的,1
三星够贱的啊。,1
三星…正点哦…,1
好酷啊。。。,1
哈哈哈哈哈，有够贱,1
真欠啊。。。,1
假新闻天天有，辟谣参见http:,1
哇!算死他,1
我不喜欢三星……,1
三星果然厉害,1
太假了吧……,1
明显故意的r(st)q,1
假新闻，这是一家墨西哥讽刺网站的恶作剧，已经被辟谣了~,1
牛逼1！/,1
………………三星赢了。,1
啧啧啧三星狠了点儿,1
太坏了…噗,1
真狠。。。。,1
都有够贱啊！！！！,1
我去…好贱啊…,1
哈哈~够绝！,1
三星完胜。,1
好样的，好样的,1
三星你赢了,1
真心狠。。。。,1
碉堡了啊~・・,1
三星NB==,1
明显假的啊…当笑话看吧,1
我也是以为。。。,1
假的…都辟谣了,1
这不科学！,1
这个早就辟过谣了好么……明晓溪跟那个作者是同学而已啊……,1
一本都没看过,1
这个世界太可怕了，我要回家><,1
==这个是假的，还不辟谣啊,1
这个很久前就辟谣了是假的,1
这绝逼不能是明晓溪啊,1
这个是假的，已经辟谣了,1
明老师威武,1
神马！我不信！,1
这不可能！！！！！！！！,1
假的。学校的辟谣链接http:,1
假的。稍微关注过她的人就知道。,1
我看过她的书。。。,1
安阳师院网站上有声明，这个是假的，请百度,1
明晓溪所有的小说我都看完了,1
我不信，绝对不信！跟我妈一样大的女人居然写出《泡沫之夏》这种小说？！,1
的确是意料之外,1
告诉我这不是真的...,1
不要这样.........,1
肯定是假的。。。。,1
百度了一下。这个ms误传。已经澄清了,1
她写的书我都看过…我一直以为她只有20多而已…,1
泥煤啊。我不相信我不相信！！,1
她的书真的不咋地。。。不过心态真年轻,1
比我妈年纪都大,1
我不相信…感觉不会爱了…,1
不可能，这么沉稳的大妈写不出那种脑残小说,1
这不是真的…,1
这是明晓溪！！！。。,1
刚去百度了！！确实是的~~,1
哇靠。。这也太假了。。这不是明晓溪好吗。,1
造谣死全家！！,1
根本是两个人好吗。,1
不管怎么样还是挺喜欢她的...最开始看的yq小说就是明若晓溪~~,1
她的身体里隐藏着一颗少女心！,1
比我妈还大！,1
虽然没看过书，不过我还是震惊了！,1
太颠覆了，难以置信,1
不相信……那种剧情那种文笔不像60年代人写的啊。,1
果然是假的！！！,1
百度百科里也这么说，只是没这张照片。,1
难怪微博这么容易传播谣言，底下都那么多人说是假的了，还不停有人在那里瞎眼碎三观，看到这种消息就不能看两眼评论吗。何况两个人的毕业院校、专业都不一样，不知道怎么牵强附会到一起去的。,1
这我就放心了。这才是文如其人呢。现在谣言怎么那么莫名其妙！,1
造谣吧造谣…,1
这不科学!!!,1
假消息啦。你仔细看看内容有很多前后矛盾的地方。这个一直无权且不署名转载还发些不靠谱的东西。,1
转辟谣，造谣可耻,1
……原来明晓溪…………比我爸还大五岁………,1
不带这样的，比我妈妈还大…,1
不！可！能！！！！！！！,1
又是谣言……,1
这不是真的！！！,1
这绝不是真的,1
不是她，这个假的,1
这不是真的,1
我一直以为她是台湾的~,1
这不是真的,1
这消息太劲爆了…,1
完全颠覆我的想象,1
我看到了...,1
无力吐槽了，高中的时候她得书基本都看过,1
不过这是假的,1
这个。。。本人不是出来辟谣了么,1
终于有人来辟谣了,1
对，这个就是我很尊敬的一位老师，上课很有魄力哒！,1
比我妈还大。。。,1
这是假的啊,1
这一定是谣言。。。,1
辟谣了！！！微博消息不能轻信,1
假的啊看她文笔确实不像63年的人的,1
事实证明是谣言……,1
这是假消息~,1
原来是假消息。。。,1
看链接的原文，是在美国发生的事情,1
你们看下原文……这是发生在美国……,1
这个一看就是假消息。建议封了楼主的微博。,1
懂事的人看看这个新闻吧：http:,1
你发条真的，再牛也比不过人家谣贴转发量的十分之一。,1
这么好的新闻，骂体制的好新闻，居然就这么点转发量，公知呢？,1
靠没这么扯淡的！,1
不信谣，只传谣,1
明明就是真实事件，因为是企鹅的，渣浪就不认了？,1
这个是腾讯的新闻啊，咋不实信息？？？？？,1
看新闻出处，辨新闻真假。麻花疼不疼？,1
真人真事，就因为是腾讯的新闻就让渣浪封了？！,1
这个假的有点夸张了……如果不加300多弹，还稍微真那么一点……话说这种都还相信的人真的存在，好奇葩,1
举报我造谣。新浪认定我“发布不实信息”。扣除信用5分，禁言7天，禁关注7天。是人都知道我在抨击美国，且给出链接。请问我究竟触动了谁的神经？,1
我靠...这是2005年发生在美国洛杉矶的事那人叫潘纳...泥马我还以为是中国呢!!!,1
05年的新闻啊，美帝果然邪恶,1
你们看下原文……这是发生在美国……,1
这个一看就是假消息。建议封了楼主的微博。,1
05年旧闻，美警威武。配中国图片，别有用心,1
这么好的新闻，骂体制的好新闻，居然就这么点转发量，公知呢？,1
真心不是假消息。。而已看连接啊，博主给链接了啊,1
这是真的，我不造谣不传谣,1
一看就知道是瞎编的，开300多枪？警察拿的是机枪呀？,1
都是别有用心的人瞎编的。,1
辟谣！辟谣！此图是2006年外沙一老人跳海自杀，被人救上岸的图片，在北海365网还能查到原帖内容，链接：http:,1
哈哈，举报掉了，最烦这种不转就怎么怎么的了，还是造假的,1
辟谣！此图是2006年广西北海外沙一老人跳海自杀，被人救上岸的图片，在北海365网还能查到原帖内容，链接：http:,1
假的啊几年前老人落水被打捞救起,1
这个谣言每次出来都能钓到一大串SB,1
辟过多次纯属吃屎赶不上热乎系列!,1
06年的老梗，果然会脏了我的微博啊。,1
傻B，老谣也不换个新版本。,1
造谣死全家！,1
造谣典型案例,1
辟谣！辟谣！此图是2006年外沙一老人跳海自杀，被人救上岸的图片，在北海365网还能查到原帖内容，链接：http:,1
这种人，他的下辈子也是这样,1
畜生都不如，麻痹,1
"畜生都不如""",1
图片是老人自杀被救控水。。,1
这个谣言每次出来都能钓到一大串SB,1
辟过多次纯属吃屎赶不上热乎系列!,1
造谣典型案例,1
照片看着都假,1
慎转不实信息～,1
大家可以去看她本人的微博，已经出来辟谣了。,1
主页君什么心态，发之前不会核实吗？误导大众有意思吗？她本人在11月28已经发微博辟谣。即使你爱国不爱党，也没必要恨人民吧？,1
已经果断取消关注，即使没有判断力，也要对自己负责。,1
假的，乱传谣言，不关注了，张自己澄清过,1
造谣生事，不再关注你！,1
"散布谣言""蛊惑人心""取消关注""博主DSB",1
作为个人，她的做法无可厚非，人家当模范当偶像当累了，就不能普通一回？那国家把她当成普通人就行了,1
博主的目的就是唯恐天下不乱，这种人愤青一个，毫无建设性意见可言！最终倒霉的还不是老百姓？,1
我不敢相信！,1
这几个政府官员畜生！,1
这些禽兽。以后一定要让他们为这些罪恶付出沉重代价。,1
求辟谣！！！,1
简直是荒唐！兽行！查出一干人，全都应判死型刑！就这样也不n恨！,1
图不对文，这个图是一个女孩翻越道路栏杆受伤的图，希望博主澄清,1
这图是一个女的翻栏杆被扎的，请问博主意欲何在？,1
好像是去年南京的一个跨隔离栏的图！,1
经查，被举报微博的配图为国外一女子翻越栏杆时不慎被刺伤的照片，且该照片在网上流传多年，与被举报微博中所叙述的事件无关，被举报人言论属于图文不符，构成“发布不实信息”。现根据《新浪微博社区管理规定(试行)》（http:,1
此内容乃本人手误而转发，本人并不明白其中之含义及内容，因此谢绝一切查水表，收快递，及跨省慰问等。,1
老图了，得，又配新故事了,1
这图明明是一个女的翻墙没翻好，被爆菊花了，老图了,1
转发，求真假、,1
图不对文，这个图是一个女孩翻越道路栏杆受伤的图，希望博主澄清,1
图胡扯那吧，这都躺担架了，屁股上的三叉戟还不弄掉。怕二次伤害麽？,1
很早以前就已经报道过这是一条假新闻了！！愚蠢的人发来骗一群愚蠢人的转发评论,1
真是骗人到家了,1
很早以前就已经报道过这是一条假新闻了！！愚蠢的人发来骗一群愚蠢人的转发评论,1
老谣言，用百度搜图反向一查便知，四川发生的事件，被栽到无锡头上。已经举报。,1
造谣的傻逼！,1
这是谣言是资阳闹市区女子跳楼…一年多前的老谣言了,1
博主造谣，全家x绝,1
不过这张图片被用了很多次，时间都不同。,1
造谣的东西不要信,1
这个图完全不是这么回事，是去年四川的图,1
弄了半天这个消息是好几年前的事情，造这种谣言实在是不地道！,1
看了，的确是四川资阳的事,1
勿传谣，看评论,1
别急着哭，这个是假的，造谣一时爽全家火葬场,1
使用关键词加上谣言或者辟谣或者点子正，呵呵呵，就能在搜索引擎上找到很多，你辟谣辟过的，包括你没有辟过的，其他网友辟过的都有。关键在于，看信息，转发、评论要带脑子，不经大脑思索的，就会闹笑话！,1
别感慨了，谣言,1
谣言，别感慨了。,1
真的，你可以去问问有留学经历的朋友。,1
博主这是假新闻祥子之死与地沟油无关删了吧,1
博主这是假新闻祥子之死与地沟油无关删了吧,1
难以置信，我去进一步求证,1
假新闻啦……http:,1
假消息，人家还好好活着呢！,1
假的。。。那个网站写谁的名字都能造假新闻滑雪身亡。。。,1
胡说的，这个假新闻说是在瑞士滑雪去世的，如果真是这样我们这里早报道啦。我什么消息也没听到，瑞士的各大网站也没有登,1
假新闻坑爹呢。。。→_→http:,1
刚刚百度了一下，说是国外娱乐网站恶搞的，我晕,1
假新闻，详见http:,1
假新闻，详见http:,1
已经辟谣了，假的,1
这不是真的,1
。。。太假了==吧？,1
假的，扯淡的！,1
屁！老子不得信,1
辟谣了，恶作剧,1
百度搜了一下！假新闻吧！据说那个网站是个发布假新闻的平台，输入人名儿和细节就能生成假新闻！百度一下。,1
假的，国外媒体辟谣了,1
已证实是假消息啦,1
啊！真可惜。,1
假新闻！！假新闻！！假新闻！！！,1
已经辟谣了,1
是假的铁桥。。,1
我不相信！！！！,1
是误传。。。,1
假新闻坑爹呢。。。→_→http:,1
【辟谣】昨日有国外某网站报道称“尼古拉斯・凯奇在一次滑雪事故中受伤后，于2013年1月17日去世。”报道发出后令不少国外影迷震惊及悲痛部分中文媒体也进行了转载和报道。辟谣消息说：“假的……这事百分百是假新闻！这是个娱乐网站，这是则毫无事实根据的荒谬报道，仅仅为了‘愚乐’网民！”,1
这种网站也太缺德了吧、据说凯奇一年被死了3回！,1
我！不！信！,1
刚刚百度了一下，说是国外娱乐网站恶搞的，我晕,1
无良炒作！！恶灵骑士，哪能那么容易死,1
辟谣，人家变脸叔好好的，一年被死亡好几回了,1
已经辟谣了，这是假消息。。。,1
假新闻，详见http:,1
已经辟谣了，假的,1
相信美国人民,1
幸亏辟谣了，吓唬我不敢去滑雪了啊,1
他死了我不可能如此平静，绝对假的,1
他是吸血鬼,1
妈的，果然是假新闻！,1
是的，刚看了相关报道,1
这样的报道不太符合现实情况啦，共产主义社会提前到来。,1
睁着眼睛说瞎话，5块钱，在火车上顶多买瓶水。一筒薯片超市7块，火车上卖205块钱的饭，能买到吗,1
这他妈的也太扯淡了,1
生活在新闻联播里。,1
新闻联播里的生活才是幸福的生活。,1
继续活在新闻联播里,1
别TMD扯淡了,1
为了做秀菜打的超多都溢出来了。太假了!,1
纯属虚构，如有雷同，实属巧合,1
好假，央视记者自己会相信？这是在摆造型吧，来，笑个。。。,1
肯定是放给领导看的，因为领导没坐过火车,1
我还真的见过三十的降到五块,1
真牛逼。。。。。,1
很明显是假新闻，这个微博你们也信，无语了,1
但是可以加饭的事儿是真没有,1
太扯淡了！当我们没坐过火车是伐~~~,1
新闻联播真是个好地方,1
太假了，饭盒盖不上。,1
别TMD扯淡了,1
为了做秀菜打的超多都溢出来了。太假了!,1
央视记者可真能折腾！还是瞎折腾！,1
我可以明确的说：西安北――深圳北，火车盒饭40块人民币。,1
傻逼记者，一点常识都没有。,1
睁眼说瞎话，骗人不打草稿,1
这笑话真好笑！,1
额，怎么这么假呢。,1
五块钱一盒是真的,1
敢不敢再假点，20的盒饭，都没这一半多。,1
严重鄙视央视,1
真不要脸啊,1
新闻联播真二,1
经查明这个是造谣的，新闻中说的是十五元而且不是这个图片。,1
很明显是假新闻，这个微博你们也信，无语了,1
精辟，这个必须得转,1
早就见过这个假东西了，去找个真的看看吧，画着幅地图。,1
别听信谣言，自己动手去查查看,1
看过，但是经典！,1
这段子很久以前就听过了,1
。。。被辟谣过很多次的谣言,1
早就辟谣了，美国护照没有那句话,1
美国大使馆辟谣过。,1
不相信！假的。【好人不长命】,1
图片不是的，图片是当年很红闫凤娇系列里面的,1
假的，这照片好几年前就看到过,1
左图明显是假的，根本不是本人,1
太疯狂了！,1
去年看过有人贴出来过,1
这个绝对是造谣，不是同一个人,1
我百度了一下，2009年的新闻！！这些人为了博眼球，总是拿历史当新闻！！！,1
左图是假的，闫凤娇系列里的图，贪官污吏固然可耻，但这种造谣恶意攻击他人的行为同样是可耻的，这样的人和那些贪官污吏没啥区别，,1
左图是老图了，闫凤娇系列里的图，贪官污吏固然可耻，但这种造谣恶意攻击他人的行为同样是可耻的，这样的人和那些贪官污吏没啥区别，应该尊重事实,1
左图确实是假滴,1
纯属捏造，恶意中伤我党的好干部。,1
确实，一般老百姓难辨真伪,1
正是！好像叫Kevin，菲裔华人。只是摄影爱好者聚会拍摄交流...。有些大尺度的动作...！跟微博说的事完全无关,1
慎重，这个博主每天发这种东西，有待考证。,1
假图。造谣者可耻,1
这分明是冰冰嘛！,1
图片完全是捏造！右边是那个裴洪泉本人，而左边那一张是几年前上海一批摄影人与模特淫乱的照片！男的是个摄影师（光顾成人网站的可去查证），实名大V造谣不负法律责任吗？,1
图片完全是捏造！右边是那个裴洪泉本人，而左边那一张是几年前上海一批摄影人与模特淫乱的照片！男的是个摄影师（光顾成人网站的可去查证），实名大V造谣不负法律责任吗？,1
造谣更可耻,1
别的不知道，这个照片绝对是假的，国模私拍的图片,1
图片是假的，模特私拍的照片系列,1
这都不是新闻，是工作惯例,1
这个是假的，是某些性爱网站上下载的图片,1
假的，这张照片是闫凤娇事件中经纪人和冰冰等人的照片。很喷鼻血的。,1
照片为国模冰冰，事情需考证！,1
这是假的，俩个女的是私模，男的是一个摄影师，早三年我就看过那套图，电脑现在还有，造谣贴，别上当,1
图是假的，冰冰系列套图,1
收到信息，说这条消息不实，以后就别转了哈,1
假的，照片我看过，不是这个人,1
网上一搜就知道了，这位裴院长早在08年就被绳之以法了，不知道博主在这个时候拿出来说是个什么意思，希望新浪的博友们不要盲目的转发与相信！,1
我敢肯定两张图片里的男主角不是同一个人。左边那个男主角和非诚勿扰的闫凤娇艳照门有关。用谣言来击倒一个人，不仅流于下作，而且只能陷入中国这几百年不断重复的恶循环。,1
左图明显是假的，根本不是本人,1
最近新片真多。。。,1
左图为实际是某嫩模的裸拍照。,1
已辟{不是本人，只是相似,1
我百度了一下，2009年的新闻！！这些人为了博眼球，总是拿历史当新闻！！！,1
老图了，世界杯的时候就有了。,1
左边照片是嫩模裸拍照，我早看到过了！,1
左图确实是假滴,1
纯属捏造，恶意中伤我党的好干部。,1
图片太少，不能证明啊,1
这图是假的！事情求证。,1
这分明是冰冰嘛！,1
造谣不好，应该谴责！,1
该床照网上已有很多年了,1
这个谣造得真不应该，难道这个世界上造谣不用负责任的吗？,1
这肯定是假的，分明是国模冰冰嘛，老图了……,1
但凡涉及高官的贴子都是不实信息，酷！,1
真他妈的无法无天。,1
假新闻，这不是上次车位事跟邻居动手的那图吗？,1
这都是去年（2012年）8月的“新闻”了。,1
谣言，事情起因是陆家侵占邻里公用绿地导致的邻里纠纷,1
不敢相信是真的！,1
转发谣言的确是一种态度：展示自己脑残的态度。,1
以前的一个微博，现在又拿出来了。,1
这个要转，比印度强奸还恶劣,1
这个去年就辟谣过了,1
造谣。「小区邻居之间的纠纷，陆家搭违建，邻居有意见，发生纠纷，陆子砍人」http:,1
是真的。这是去年的事了。后来被封锁了。,1
此事件去年就网曝啦.,1
这是一个多么神奇的国度，只有你想不到的，没有做不出的。刘谦的已经不在算是奇迹了。,1
真是畜生。凌迟,1
假的，刚看了他的微博。,1
假的你也信,1
这不是真的。。。我最爱的猴哥。。。,1
假新闻!妈的!,1
假新闻，哈哈。。。,1
假新闻，网友们别再相信啦！你们可以去看六小龄童的新浪微博！有认证的！,1
猴哥，一路走好!,1
卧槽。假新闻！吓死劳资！,1
传播假消息的人，该抓,1
不可能的事,1
肯定是假消息,1
原来是假消息，NND,1
不信。。。,1
假的==人家猴哥都上微博澄清了,1
我有点不相信,1
前几天看每日文娱播报，人家在拍戏呢,1
好啄昵暗氖虑榱耍F在拿出沓矗加上市L，你胡扯要幔,1
几年前的事情了。,1
确实是有交警被奔驰越野车碾伤的报道，但车辆属于一私营企业。,1
不折不扣的假消息，还有一群2b转发。智商拙计啊。,1
原博显然是故意的！,1
发微博者真不是个东西!,1
假的！造谣传谣都要遭！,1
瓜娃子！还不删掉！昨天传的南充！,1
妹子啊！赶紧删掉吧！这是假的！你看下报纸那些嘛！看下发布的消息。别造谣了,1
假的啦，我就是南充的，这个就是普通的通缉令啊,1
假的，就是普通通缉令，越狱的事公安局都不知道,1
已经辟谣了，请勿信勿传！！！是在逃，不是越狱！！跟！小心行事,1
刚辟谣了！是通缉令，不是越狱！,1
造谣可耻传谣可耻。请辟谣。。这一看就是假消息,1
不都说了是假的么,1
假新闻，是在逃，不是越狱,1
最好也追认为烈士！！！！！,1
这个社会真的好让人失望。,1
果然是陕西愣娃,1
假的。通缉令不会重复“他”说过的话，这是基本常识。,1
事实证明真理总是掌握在少数人手里,1
此内容为真实消息，已处理。,1
很明显这是高级黑这都要辟谣不要侮辱群众智商好吗?,1
一看就知道假的，还解放军,1
请大家不要相信谣言,1
举报人是TM个大SB,1
辟谣的都是一些低智商的博,1
影视城里也不敢贴这种东西啊,1
辟谣的都是一些低智商的博,1
此微博是谣言请勿转,1
明显是造谣微博好吧,1
散布谣言，假的,1
小蒙，这是假消息。删了吧！,1
P的太假，打回去重来。,1
绝对是假的,1
确信没有P过,1
这图是假的，明摆着文字的字体都不对，作假也太不敬业了。,1
假的，时间和季节不同，而且字体都没有p好,1
道理是对的，图是假的~~,1
很明显，你就是缺常识的那一类人，而且无药可救了,1
假的。左边那图拍摄于2010年3月，右边那图摄于2012年1月，造成这种视觉差的原因主要是季节。左图原图传送门:http:,1
上图不真实。但是，欢迎历史专家有空参观历史沙漠。,1
删了吧这个真心是假的,1
这谣言早就被证实是假的了…怎么现在还有人发,1
百分百是假的,1
一定是旧新闻,1
很早的新闻了。,1
这都哪年的事了，无语,1
这条消息是谣言？,1
我擦，照片做的太真了。,1
不可信。把王林抓了，那些个政要脸面往哪摆？,1
支持，绝不能让这种骗子大行其道！！,1
不可能！人家大师一指就点死来抓他的人了，咋能被带走呢？,1
假新闻，大师抓不住的，几丈远就能发功戳死人，还会变蛇咬人，还会自己开手铐。干脆别抓活的了，一火箭筒崩了算了。,1
绝对造谣，大师一发功全死。谁敢去难为王林？就当今公检法这些个料，都活得滋滋润润的，谁不怕死！,1
诈骗罪，很明显的。,1
马云真是打假专业户,1
这个消息我相信是假的，抓了王林让“五不搞”情何以堪？,1
太假了目测要删,1
有这事，这是真的,1
这个是真的！一定要告诉自己家里的老人和孩子！点一下转发，新浪会免费送你一个月的会员，把此微博转到QQ空间或者群里，腾讯会自动为你升级到3个太阳！大家不要嫌麻烦，这都是为了我们身边的人！爱心传递加油！我先带头转,1
有这事，这是真的,1
假的，别造谣传谣了好么，天天以造谣为己任是什么心态？,1
不可能是真的！智商再差，内心再污浊，行动再疯狂，她也不会说出这样的话！即使没上过学的老百姓也不会没有这点见识,1
假的，造谣。我不能相信。,1
绝对假的，看这姑娘智商不至于如此低啊,1
这个很明显是谣传,1
一看就知道编的！,1
我不相信这是真的。因为：按照国际公法，使领馆并非彼国领土，只是享有外交特权。发言人连这个都不懂？这绝对不可能，哪怕是笑话。请大家转发。,1
肯定是造谣。。。。,1
我和我的小伙伴都惊呆了。。。,1
不可能！一个副主编，会让自己9岁的女儿在大热天的出来碰瓷？？我不信！,1
明显PS字体都不同。正版在此http:,1
这些人真无耻,1
PS的，拆哪和拆尼丝的字体不一样。找找原图。,1
是错的~~连准考证都是错的~~我一直觉得今天被烦死的是那个无辜的厦门人~~,1
福建高考没有发纸质成绩单。谢谢。,1
至少两年前我在天涯上看到同样的情况，最终的结果是发帖者说谎。而且似乎已经有记者说留的那个电话是假的。,1
电话号码是假的，博主撒谎用意何在,1
太假了！如果连这种谣都造真心太过分！这样当其他努力的人是吃白饭吗？,1
挺好看的，最主要还能在山上露营。,1
不太相信。博主逻辑错误明显。网络舆论帮不了你，还是拿出确切证据吧，特么放个准考号还是假的。,1
十分怀疑其真实性。顶多是系统错误，如果能掉包分数的话，直接给人家改了就完了，平时500分，高考300分的人咱们又不是没见过，一个紧张，心态失衡，或者身体不适都有可能。我手机至今留着当初查分的截图，拿不出证据来就先别下定论，有能力掉包的人，直接报送，预科，出国等多种方式解决了。,1
这是什么年头啊，明明白白真真实实的事，也能被他们说成这样，真是有权说了算，求真相，求公正,1
中午新闻都报了也查了说原卷和扫描卷作文都是空白卷,1
我用电脑看到了，于是更加坚定我觉得这孩子说谎的观点了。谢谢您提供的官方新闻。,1
我相信这个考生。。。。。。。,1
去年也有人宣称被掉包，结果那人吹牛不打草稿，立马被火眼金睛的天涯网友扒皮了,1
这我一开始就说了怀疑他们说谎。。因为这个曲目09年和12年都分别在天涯上上演过。。。,1
假的，造谣的等着被起诉,1
你没前途了，骗人最后最痛苦的是你。,1
不打算去自首吗，我跟警察叔叔说下，争取宽大处理,1
越来越假了,1
高考也有作假,1
可怜人，你的分估计已经变成某位家财万贯的白富美换走了。,1
已经证明是假的了。,1
从没听说过。。,1
骗人的・・・你该看看最新进展了,1
・・・・假的,1
假的……去看看她的试卷照片都出来了！编假成绩骗父母呗！玩大了吧！,1
当事人造谣啊，所以不实。,1
她真的是伪造成绩,1
年年高考时天涯上就会出现这种换分贴，最后全被证实是假，熊考生骗家长,1
果然是假的,1
经核实，铁证如山，考生造假。目前，省教育考试院已将该考生的试卷原件取出单独封存。”真相只有考生一人知晓。http:,1
看吧，果然是造假！,1
博主需要被人肉?很多人都JR的音啡...他也不^嵝闹人而已，是奈⑿胖锌吹降模一r心急助人才]查C，而且原文也h除了，新浪系y抽L，又上衢T又可以^mDl和u。,1
太假了。这小孩在电视上经常见到的。虽说我不知道叫什么但我确定是假新闻。又黑大润发是不是？是不是？,1
假消息这是个小童星,1
假消息啊假消息,1
假牙假牙假消息,1
这是假的，之前也在我们这里发过，内容一模一样！怎么可以这样骗大家！,1
假消息啊亲们,1
这是假新闻，多地都出现了内容一样，城市不同而已，警方已辟谣,1
假消息还转发,1
假的！！号码一样的还在朋友圈看见了！！丢失地址却是郑州！！,1
这不是叫刘楚恬的小美女嘛，造谣不用负责吗？？？？？？？？？？？？？？,1
这是假消息，人家孩子好好的，可恶,1
假消息！照片上的是，现在的骗子还真的是恶劣没下限。（ps:楚恬小妹妹真的很可爱啊思密达~）,1
好开心，是假微博,1
明显假的，把手机号码拿到百度上搜搜看,1
假消息，看了几条这个微博。。孩子在好几个地方同时被人拐走了。。联系人跟电话都是同一个人。估计是吸金电话吧、,1
假的消息。可以看那个刘楚恬的微博,1
假消息，这个电话是福建的，自7月份以来在全国十几个地方的大润发都G孩子，留下的却是同一个电话，骗人的！,1
假的全国各种大润发走失,1
此消息是假的！大家勿信，已经变异很多牌本！,1
假消息，百度一下电话你就知道了,1
这是假的，新闻见http:,1
小妹妹是，可以看她的微博，有澄清。这条微博根本莫须有,1
，可以看她的微博，有澄清。这条微博根本莫须有,1
这骗人的你还发,1
快来举报，这条微博是假的，孩子是小童星，这个图片是麻麻在自家院子里哄宝宝拍的,1
假消息，博主什么心态,1
假的，你百度下就知道了，就有那么帮人吃饱了戏弄人,1
大润发老是被拐带孩子,1
_人的～小朋友很好啦,1
1）照片上的女孩是童星-⒊恬，人好好地在家，可搜索她微博2）假的，有人打^去了，]用，M上女士sf不要再打_她了，她c女孩]任何H訇PS3）http:,1
假消息！你阴阳怪气做什么！,1
小朋友很t了，_人的,1
此内容为不实消息，已处理,1
发布假消息者全家死绝，九族尽灭！,1
已经证实是假消息了！,1
媒体已经证实这个消息又是一个愚弄网友的假消息。,1
最近丢失的小孩子都很可爱,1
都说是假消息了为什么还有那么多人在转发？,1
好可爱!这天杀的拐子佬!!!,1
一条假消息转了2万＋……什么概念？你们被愚弄了,1
别让人愚弄了！假消息,1
这假消息还不删了,1
绵阳也有过内容相似的。。。,1
看这照片就知道假的了,1
查了一下才知道是假的,1
已经证实，假消息网络世界有时候真让人头疼，这不是让真有这事的人又少条道了嘛！！！NND，滚犊子,1
不扯淡会死！昨天小孩给晕倒的环卫工人撑伞居然是假的！我们不知道信谁了现在,1
假的，存有病,1
蓄意发布虚假儿童被拐信息违法！,1
你好，这小孩是新浪微博的本人，并没有原博主讲的失踪或者被拐，她一直的和爸爸妈妈呆在一起的，所以还请您帮忙删除微博或者帮忙澄清下，谢谢您！,1
不要被骗了，这小女孩是，根本就没走丢，这条微博是骗人的，太可恶了,1
事儿是确有其事，只是差不多半个月前的事，就是不是图里这小姑娘,1
不要被骗了，这小女孩是，根本就没走丢，这条微博是骗人的，太可恶了,1
艹这事也作假,1
这小女孩是一直和她父母在一起呢，去她微博看下就知道了，发这条消息的人刚发微博正在想办法删了这条微博呢，免得更多人转发,1
可恶的父母!,1
假的~那孩子是个童星，哪有失踪？！,1
不要被骗了，这小女孩是，根本就没走丢，这条微博是骗人的，太可恶了,1
消费善良是最可耻的行为..,1
刘楚怡啊，童星来的。好骗人。,1
是别人盗用了小女孩的照片说其走丢了,1
婉，这个是骗人的,1
图中真正的小女孩是是别人盗用了小女孩的照片，盗图者欺骗了善良的人,1
图中小女孩是是别人盗用了小女孩的照片，盗图者太可耻了，欺骗大家的感情,1
这是什么啊，恬妞不可以这样被糟蹋！！！！！！！！！！假的假的假的,1
居然是假消息，我赶紧转发再一次！！！,1
就叫刘楚恬,1
真的，微博名：刘楚恬,1
已经证明是谣言http:,1
知道是假的了怎么还不把这个微博删掉，快删掉！,1
知道是假消息了，谢谢你，博主真是大怀蛋。,1
请勿以虚假信息骗取同情心,1
看你的上一条微博，这明显是假的，滚蛋吧，,1
还好是假的,1
今日Facebook都见到果个人发布呢条假消息！但我一眼就认到个小朋友系刘楚恬小妹妹所以知道肯定系假的了！……,1
这照片上的女孩是我朋友恬恬。怎么能这么恶劣的发假消息，太可恶了！博主怎么那么没良心。我们的恬恬才没走失。请不要用这样的方式博取同情！,1
证实是假消息了,1
哎。我的朋友被弄的焦头烂额了把她女儿照片放着上面,1
微博小秘书说假消息无法删除,1
这个是假的，不同地方的人转发，换不同地名的大润发!,1
确实是。因为我关注这个小女孩很久了，所以一眼看出来,1
有那小女孩的微博是个童星,1
这是假的，居然有人欺骗大家的善良！可耻！,1
啊。。可恶的骗子！,1
超级假的消息，不要再转啦。,1
求主与小女孩同在，让她早日平安地与家人同聚！,1
超级假的消息，不要再转啦,1
这个小妹妹叫，是小童星，人家现在好好得在家呆着呢，博主删微博吧！,1
看我的微薄，我截图了,1
假消息，假消息，假消息，看博主第一条微薄，孩子是他家的～今天新闻都播了，是假消息！博主应该被人肉大家一起来举报该微薄，让此帐号消失电话为吸费电话……,1
请大家互相转发与留意被拐的小女孩。转发者请看看微博上女孩的相片，以便留意。,1
请大家互相转发与留意被拐的小女孩。转发者请看看微博上女孩的相片，以便留意。如有发现，请第一时间报警。,1
假的假的。郁闷。这是我们小童星的图片。为什么盗用。安的什么心。太过分了。,1
太邪恶了。。。欺骗我幼小的心灵。。。今天我也看到新闻了,1
散布此类虚假消息的应当受到法律追究！造谣者拿人们的善良取乐，时间长了会形成“狼来了”的负面效应，到头来真的需要扩散的消息也会被认为是忽悠！,1
此内容为不实信息！！,1
微博上第一次转发这种消息，以前便是担心误传谣言，结果还真是第一次就中枪，呵呵～,1
蓄意发布虚假儿童被拐信息违法！,1
又是“急疯了”，一看到这个词我就觉得是假的。能准确说出电话那打电话不就得了。现在的骗子们啊。。。,1
这个电话是福建漳州的。所以这是假的,1
人贩子赶紧缴械投降,1
帮忙、！求扩散，今天上午一个三岁多小女孩在深圳龙华大润发超市附近被人拐走了，小女孩能准确说出她爸爸的手机号码，从监控上看是被一个四十多岁男人抱走了，现大人都急疯了，有知情者请告之，万分感谢！看到信息的兄弟姐妹留意一下！联系人郑春蓉13606961118（兔ψ发）,1
那个坏蛋!!!!,1
这个不是不好乔吗？，还好是假消息……,1
启禀皇后娘娘，这条微博是假的,1
愧疚，转发了假消息。向大家道歉！,1
居然是假消息，我赶紧转发再一次！！！,1
妈啊，还好是假的,1
这个小女孩又丢了……这是第几十次了……,1
既然是假的，孩子她爸妈，你们女儿给我家玉米当老婆呗,1
假的东西太多了～,1
最恨人贩子家长还是要注意别让坏人有可乘之机.,1
你看到伐？我TM就说假的。,1
太可恨了，竟然冒用咱家妞的照片,1
这不是恬恬吗，怎么可能，坑爹的假消息,1
请勿以虚假信息骗取同情心,1
尼玛，被我看到了我立刻找警察叔叔把他捉了,1
幸好是假的,1
这么可爱的小萝莉・・咋就能下得了手・・人渣来的！,1
必须捉拿凶手严惩啊！！！！！,1
怎么回事，知道是假消息。但好恶劣，怎么骗到恬恬这来了？太可恶了！用了我们恬恬的照片。怎么可以这样？大家不要相信！,1
经举报后已确认是不实信息，事情发生在赣州，小朋友也早在7月12日被找到，之前有关注的朋友也可宽心。,1
龙华治安太差了,1
这么可爱的女孩居然被拐走，太坏了，这个一定要转,1
好可爱的小孩子！大家帮帮忙吧！,1
哦吓死我了，一朋友问我我来看看，还好是假的,1
昨晚看见某人在朋友圈转发，今天就看到此为不实消息，他几乎都转假新闻假消息，相当无语,1
晕死，原来是假的。。,1
图片是恬恬才不是走失的小女孩大家千万不要相信,1
大家帮忙留意！！,1
人心越来越冷漠就是因为这种人越来越多。,1
就知道是假信息,1
故意发假消息，违法,1
好漂亮，好可怜，大家一起帮帮忙,1
这是假的，居然有人欺骗大家的善良！可耻！,1
确实是假的，哎！,1
好漂亮！哪个杀千刀的拐的！！！！,1
太^份了！_人的！,1
已证实是假的请已转的帮忙通告一下没转的就别理了.实在抱歉.....,1
好可爱的小女孩…祝早日找到大家多留意。,1
还好是假消息。,1
人贩子讨厌啊,1
拐卖孩子的畜生不得好死~~~~,1
椭小孩回到爸的驯В,1
假的假的。郁闷。这是我们小童星的图片。为什么盗用。安的什么心。太过分了。,1
现在网站真假消息太难分辨,1
现在连这样消息都要骗人，之前一样的内容只是深圳改成上海！,1
你是一个很有爱心的人，转！,1
这个消息是假的、一个女孩在不同地点不见了好几次、不知道造谣的人什么心态！,1
散布此类虚假消息的应当受到法律追究！造谣者拿人们的善良取乐，时间长了会形成“狼来了”的负面效应，到头来真的需要扩散的消息也会被认为是忽悠！,1
理解父母的急切，宝贝早点回家,1
内容不实，真该死！,1
用心险恶！,1
幸好是假的。这张照片我超爱，可爱的毫不做作,1
见死不救!,1
该死的摄影师,1
见过谁摆剪刀手势手背向外的么，一定是中指，食指肯定是一不小心连锁竖起来的，嗯，就是这样,1
胡扯！这张照片早有辟谣，照片中男子是在游泳。,1
我只能说，这太残忍了！,1
敬意！！！,1
假的不是被洪水冲走,1
反手V这个手势源于英法交战中法国人砍掉英国弓箭手的中指和食指让他们变残废，不能再用弓箭。但后来英国人打败了法国人胜利后，英国人伸直中指和食指掌心向内向法国俘虏示威，意思是:我们的手指头是完整的。再后来就延伸成是羞辱对方的意思了，大体等同于向对方竖中指。,1
冲成这样，脸却毫无狰狞，，不符合自然规律,1
消息不实！,1
这绝对不是摆拍！,1
面对，坦然。,1
太臭美了，到死都不忘摆一下，有才,1
人生无常！,1
英国一摄影师捕捉到一印尼男子被洪水冲走...,1
这名摄影师居然有时间拍照,1
再他妈说一次，这个男的在游泳，Flickr上早就看到过，他妈的狗日的编辑，瞎他妈扯什么蛋啊，有病吧？,1
我只能说，这太残忍了！,1
额，只是干照吗，都不救人的，见死不救,1
身体被狠撞。。。,1
这是就人生的写照,1
面对死亡，这么淡定,1
骗子，，，，，,1
消息不实！,1
金庸！！！我要哭了~~~~~~~~~~武侠梦碎~~~~,1
金庸去世了，一个时代终结了！！,1
假消息，造谣者真可恶！,1
香港没有这个医院,1
摘帽致意.,1
一代英杰！,1
悲剧啊！不过终于能跟儿子团聚了！怀念你！,1
想到的东西很多…可是感觉到的都是可惜…武侠的传奇…一个终结…,1
啊，还是真的啊……,1
人人网也有个公共主页在传这个消息，是假的。,1
太突然，泪奔,1
大侠一路走好,1
假的！肯定~,1
飞雪连天射白鹿，笑书神侠倚碧鸳…金庸走好！,1
转发此微博:走好,1
音容宛在，呜呼,1
读金庸的小说长大的女孩子表示很难过,1
绝对是假滴！,1
转发此微博:看来刚才的谣言是真的，金庸真挂了，有没有留下什么没写完的书呢？,1
转发此微博:默哀,1
真的么有一颗文坛巨星陨落了安息阿门,1
看到这条新闻我愣了足足一分钟！――飞雪连天射白鹿，笑书神侠倚碧鸳！一代侠客从此驾鹤西去古龙之后无金庸！金老，一路走好！――写在金老辞世的这一刻以此为念,1
侠之大者，永远怀念！,1
哎呀，香港哪有}利t院！我竟然也差c相信了,1
闾丘露薇在微博上说，这是假消息~,1
节哀，保重身体,1
转发此微博:哀悼~,1
飞雪连天射白鹿，笑书神侠倚碧鸳…已成绝唱！金大侠…走好…,1
金庸先生，一路走好。,1
一代大侠真的去追求他的武侠世界了,1
转发此微博:脱帽，默哀,1
还好，已经被证实是假消息了。造谣者很可恨。,1
一路走好！,1
惋惜，悼念~,1
大师一路走好......,1
假的啊，已经辟谣了。。。,1
闾丘露薇称：假消息，金庸昨天刚出席树仁大学荣誉博士颁授仪式。另外，香港没有这家医院，造谣者也太不专业。其实大家自己google一下就知道了。,1
假消息啦。。,1
作为媒介你都这么无聊，误导大众。不能让他老安度晚年吗？等你们老了，众人也传你死了，你怎么想，无耻到极点！,1
一路走好~~,1
转发此微博:人的生命真脆弱…说走就走了…唉，愿金庸一路走好！,1
一代豪杰，一代大侠，就这样走完光辉一生！金大侠每个华人都会记住您的“飞雪连天射白鹿，笑书神侠倚碧鸳！”,1
“香港KoЫ鹩瓜壬去世，前商爝看他⒓幽大Wsu博士的受x式，精神良好。是鹊氐木W友造{”,1
真定假```如果又乱制造谣言``裉跤炎欣檬种`关节位全部生湿疹``痕痒到无药E``,1
已被证实是谣言。,1
唔好玩我啵！！！这件事不应该拿来开玩笑,1
金老先生仙福永享，寿与天齐,1
一代伟人啊・・・去了！金庸大师走好！,1
一直喜欢金庸书，喜欢看根据他的书拍的电影好可惜哀悼,1
假消息……http:,1
金爷爷走好…泪。。龙儿和过儿要坚强点！,1
太可毫耍香港根本]有@家t院。造{者太ou,1
我就说，怎么可能,1
谷歌一下，香港有家玛丽医院。。。,1
转发此微博:必须是假的可爱的老头虽然曾经希望他再也别修改作品了,1
金庸大侠明明活得好好的，偏传这种谣言，新浪不该吧！,1
我看金庸这次气都被气死了,1
假的。。。那个医院都不存在。。不信自己百度,1
假消息来的香港尖沙嘴没有这家医院！！,1
好可惜！我哥哥知道了一定感到很z憾！,1
假的，没有这个医院，而且昨天金庸先生刚刚参加完一个活动,1
奇才啊，又一颗文星陨落。,1
造谣的去死！,1
都说是假消息了，还转？！？！怎么这么迟钝啊！,1
一路走好！,1
假消息，金庸昨天刚出席树仁大学荣誉博士颁授仪式。一下就知道了。,1
终归是人。惋惜。。,1
转发此微博:太假了,1
拜托删了这个围脖吧，假消息！！！新浪娱乐带头传播假消息，有意思吗？,1
wk，不是说都假消息了嘛,1
假消息.为金庸先生祈祷:健健康康的!,1
已经证实是假消息!围脖很给力,1
金庸大侠仍在江湖，各位请保持淡定。,1
作为一个新闻性质的微博，你不觉得转这样的未经过求证的消息很没有职业操守吗？？？！！！更何况人家都没死！！！,1
又一伟人离世..悲..,1
已经证实是假消息了，还不删除！！！,1
转发此微博:刚刚傍晚才看了他的自传散文《月云》，没想到那时已经逝世了，安息,1
假消息，金庸昨天刚出席树仁大学荣誉博士颁授仪式。另外，香港没有这家医院，造谣者也太不专业。其实大家自己google一下就知道了。,1
微博疯传金庸今日去世闾丘露薇证实为假消息,1
“金庸，1924年3月22日出生，因中脑炎合并胼胝体积水于2010年12月6日19点07分，在香港尖沙咀圣玛利亚医院去世。”一则来自Twitter的消息引起了全国金庸迷的强烈关注。不少人进行求证，后闾丘露薇证实：假消息，金庸昨天刚出席树仁大学荣誉博士颁授仪式。另外，香港没有这家医院，造谣者也太不专业。,1
啊啊啊啊，伤心。,1
哈哈假的!!!...,1
请验证后再发此类事关重大的消息！,1
别跟老人家开这样的玩笑,1
都说是传言了。还跟进个P啊。,1
新浪娱乐这么正规的都随便乱开黄腔，真是垃圾，金庸大侠好得很,1
我的直觉告诉我它是假的…事实证明我的直觉值得信赖啊,1
是假的，删除了吧！,1
转发此微博:假的,1
假消息！人们都闲的蛋疼！没事找事！,1
金庸。。。老了啊,1
已被证实，此消息是假滴~~,1
金庸，经典。缅怀。一路走好,1
肯定是假的！！！,1
这已经不是第一次了！朋友们擦亮你们的眼睛！！,1
文坛又一颗巨星的陨落，默哀！这是我很崇拜的作家，一位将文学创新的伟人,1
假消息，香港根本就没有这家医院，凤凰网辟谣金庸死讯：http:,1
证实了是假的,1
Unbelievable!　一代武侠小说大师就这样走了!我是看着他的小说长大的.　飞雪连天射白鹿　笑书神侠倚碧鸳.,1
转发此微博:默哀。,1
缅怀我心中的大家。。。。,1
X，虚惊一场，造谣人无聊透顶，其实该死！PS：新浪娱乐和头条也太不靠谱了吧,1
这些人肯定是闲的！,1
既然是传言，那就不可信。什么都八卦就失去了媒体的价值！,1
小时候是金庸的武侠小说一致陪伴着长大~~大侠好走,1
才看到。香港没有圣玛利亚医院的。还有，尖沙咀是没有医院的。记者不是应该先求证吗？幸好，微博是没有谎言的，假的，一定不会变成真的。,1
姑勿论这是假新闻，近些年对过世之人总兴用“一路走好”“走好”之词甚是厌恶，要么是节哀顺变（跟人家属没关系就免）要么盖棺定论，要么愿已故之人往生极乐。最扯的就是什么一路走好，死都死了，走好神马？！,1
闾丘露薇：更正一点，金庸是在三号获得荣誉博士的。另外这家不存在的医院，曾经传出某香港明星被黑道追杀。,1
尖沙咀]有t院的,1
去找神仙姐姐了吧，过段时间就能用凌波微步回到江湖，恩！,1
经证实假的...假的假的假的假的假的假的假的假的假的假的假的假的假的假的假的假的假的假的假的假的假的假的假的假的假的假的假的假的假的假的假的假的假的假的假的假的假的,1
已经证实是假的啦,1
已经证实是假的,1
屁腰了，假的…,1
无聊的媒体,1
闾丘露薇表示，金庸昨天刚出席树仁大学荣誉博士颁授仪式。另外，香港没有这家医院，造谣者也太不专业。乱Q钤煲スD人正菁溢P,1
痛恨假新闻。娱乐有底线。,1
金庸去世。。。,1
163上已经辟谣了。12月6日晚8点左右，有消息称金庸在香港圣玛利亚医院去世。随后有香港记者打电话求证，据悉，金庸先生正在吃晚饭，对于去世的假消息，老人家并没有生气。http:,1
这谣传的人真该杀千刀，金庸爷爷好好的，干嘛这么说人家。太可恶了。,1
还好是假消息！虚惊一场……,1
谣言止于智者~~~,1
影响了一代人的大师去了。,1
金老神功盖世，起死回生,1
假的，假新闻。看她的微博,1
已经证实是假新闻啦。。。,1
喜丧喜丧咧。。。。金老安心去吧。。我刚下了你的全集还没看。。。三联版带插图的哟。。,1
传言真可怕,1
啊，金大侠～～,1
流言蜚语，顶你个被去世。严重鼻屎！！,1
造谣的是那个五岳散人为了眼球效应和利益.不惜咒人死.不经过核实就让谣言满天飞.另外1924年3月22日出生的是梁羽生.金庸是生于1924年3月10日.胡编一个香港没有的医院连生日都张冠李戴,1
唉，虽然我跟他不熟，转下表示哀悼,1
一个时代结束了，武侠的时代/,1
渣包衣早该去见他家爱新觉罗主子了,1
香港没有这个医院,1
没有您就没有我的小龙女。。。走好。。。,1
摘帽致意.,1
请确切一点！,1
。。。一代宗师。。。只剩倪匡了。。。,1
反应很迅速啊，,1
一代英杰！,1
转发这个比较靠谱,1
武林盟主啊…,1
悲剧啊！不过终于能跟儿子团聚了！怀念你！,1
网传金庸先生去世。目前未被权威消息证实，也可能是谣言。有网友称，香港并没有那家圣玛丽亚医院。晨报将密切关注，一有权威消息将立即发布。,1
这位老人家都“被死亡”好多次了。,1
太突然了，怀念…,1
本报也在查证中,1
香港尖沙咀没有圣玛利亚医院。,1
我敬佩的人。,1
太可恶了，吓我！金庸先生健康长寿！！,1
大b走好。,1
天呢！真是可悲！,1
RT好像都是墙内微薄先传起来的，另外谷歌即时搜索看到一条推“香港根本没有尖沙咀圣玛利亚这家医院，故金庸不可能死在那。,1
大师走好！,1
这种围脖上乱传出来未经证实的消息不用转这么勤快吧右边==,1
啊！一代大侠！,1
唉，难过万分，哀悼。,1
英雄，就此别过，后会有期。,1
初步确定为不实消息。googlemap上搜不到那个医院。最初的消息是由百度魔兽世界吧出来的，时间19：28,1
又是一个时代的终结……,1
飞雪连天射白鹿，笑书神侠倚碧鸳…金庸走好！,1
有网友说没那家医院。,1
音容宛在，呜呼,1
天哪，这种事不是真的谁这么缺德的说啊,1
读金庸的小说长大的女孩子表示很难过,1
大事件，默哀。,1
尖沙咀没有圣玛利亚医院请带V的核实后才转发！毕竟是件不吉利的事情。要是搞错了，对金大侠也太不尊重了,1
没事儿别总咒他老人家！,1
中国新闻周刊那条被删除了,1
假消息害死人啊,1
吾系甘大锅挂一代才子!为你默哀,1
看来刚才的谣言是真的，金庸真挂了，有没有留下什么没写完的书呢？,1
一切都是谎言！,1
金庸死了！我也不想活了！！！,1
没确定的事情就别发了，对人不尊重！,1
看到这条新闻我愣了足足一分钟！――飞雪连天射白鹿，笑书神侠倚碧鸳！一代侠客从此驾鹤西去古龙之后无金庸！金老，一路走好！――写在金老辞世的这一刻以此为念,1
很多媒体都发了但是都被删除了~~,1
侠之大者，永远怀念！,1
闾丘露薇在微博上说，这是假消息~,1
节哀，保重身体,1
飞雪连天射白鹿，笑书神侠倚碧鸳…已成绝唱！金大侠…走好…,1
一代大侠真的去追求他的武侠世界了,1
貌似六月份的时候，金庸就被去世了一次。,1
脱帽，默哀,1
怪不得，我刚想转就已经删除了。,1
还好，已经被证实是假消息了。造谣者很可恨。,1
金庸一去，从此世上便不再有武侠！！,1
。新闻晨报:网传金庸先生去世。目前未被权威消息证实，也可能是谣言。有网友称，香港并没有那家圣玛丽亚医院。晨报将密切关注，一有权威消息将立即发布。,1
一路走好！,1
不可能！香港最为强大的狗仔队都没有得到确实消息，微博传言这种小道消息怎么能轻易相信！,1
假消息，大家淡定,1
惋惜，悼念~,1
原来素假的，真好，香港根本没有这家医院,1
大侠…走好,1
恶心的造谣者！在此立博鄙视！并祝老爷子身体硬朗硬朗滴,1
【即时新闻】金庸，1924年3月22日出生，因中脑炎合并胼胝体积水于2010年12月6日19点07分，在香港尖沙咀圣玛利亚医院去世，享年86岁。看到这条新闻我愣了足足一分钟！――飞雪连天射白鹿，笑书神侠倚碧鸳！一代侠客从此驾鹤西去古龙之后无金庸！金老，一路走好！――写在金老辞世的这一刻以此为念,1
我的武侠记忆，由您开始接受的。。。。安息,1
闾丘露薇称：假消息，金庸昨天刚出席树仁大学荣誉博士颁授仪式。另外，香港没有这家医院，造谣者也太不专业。其实大家自己google一下就知道了。,1
假消息啦。。,1
一个二个，香港没有这间医院,1
一位大头的作家逝去了，以路走好！,1
金老先生仙福永享，寿与天齐,1
靠又是谣传！连新浪头条新闻都被骗了！妖言惑众啊！浪费我们金庸迷的感情么这不是！,1
啊啊啊，太可惜了。我还是金大师和古大侠的书迷。这两人都走了。默哀.....,1
今朝大师乘雕归去，自此无人笑傲江湖,1
向大师致敬，走好！侠之大者，豪气长存！,1
惊讶虽然俺更喜欢古龙作品!,1
就是太可恶了造谣者,1
假的・・・・--HK没这家医院==,1
证实是假消息。,1
默哀三分钟。。。,1
拿金庸老先生来开玩笑，无聊透顶了么，年轻人娱乐娱乐就够了，干嘛要伤害老前辈,1
必须是假的可爱的老头虽然曾经希望他再也别修改作品了,1
金庸大侠明明活得好好的，偏传这种谣言，新浪不该吧！,1
OH。。。假的假的。。。,1
太好了~~吓我一大跳~~,1
我看金庸这次气都被气死了,1
造谣者傻不傻，圣玛利亚医院？？听都没听过……,1
大侠就这样去了,1
都说是假消息了，还转？！？！怎么这么迟钝啊！,1
一路走好！,1
原来系谣言，现在华人世界大师是越来越少了。,1
终归是人。惋惜。。,1
金庸先生在是一位值得後世W的作家!F正努力L看他的作品。可惜，他在生rt不起，x_後名一定很大，千古黜。徜若他真的x_了，在可惜。,1
wk，不是说都假消息了嘛,1
假消息.为金庸先生祈祷:健健康康的!,1
我敢肯定这又是谣言，太过了这次,1
又是假消息。,1
我最喜爱的武侠小说家一路走好！,1
不要再传假消息了,1
已经证实是假消息了，还不删除！！！,1
刚刚傍晚才看了他的自传散文《月云》，没想到那时已经逝世了，安息,1
为大师哀悼,1
金爷爷走好。,1
大侠一路走好！！！！,1
差一点被骗,1
乱传谣言者！！XXXXX还带V的……我裂个去吓得我都哭了……睡觉去……,1
#金庸大侠仍在江湖，各位请保持淡定#【金庸12月3日获颁香港树仁大学荣誉博士学位】http:,1
唉…真可惜……,1
天堂里有你的桃花岛,1
一代宗师赶快好起来・・・・・・・,1
写菜谱的未必都是好厨子，这倒是真的。,1
就五月散人这种冲动流氓右派会不加判断转发谣言!,1
不可能！！,1
闾丘说这是假消息，香港没这家医院,1
一定要是假的,1
我也是啊！小学时代，图书馆里把金庸书全部找来一一读过，看完金庸，再读古龙，然后再看琼瑶，哈哈！！！我也看到新闻辟谣了！拿金老爷子开什么玩笑，有意思嘛,1
假的，不要再传了,1
偶像~~~走好~~~・,1
哈哈假的!!!...,1
请验证后再发此类事关重大的消息！,1
别跟老人家开这样的玩笑,1
香港没有这间医院！而且金庸昨天还露面过，好像是颁奖什么的…,1
证实是假的,1
果然是假的。。够无聊的这些人！~,1
看来我真的被这些谣言蛊惑了，还默哀了一阵呢！！失败啊失败・・・・・・・・・・・・・・・・・,1
谁要发这假消息，真属没事儿找抽型,1
假的，造谣的真没RP,1
我的直觉告诉我它是假的…事实证明我的直觉值得信赖啊,1
这种消息最早是通过娱乐渠道在传播，足以见得问题很大,1
谢谢金爷爷带给我们孩童时代那么多的武侠梦～金爷爷走好,1
才看完TVB新}要，Ko此消息В∽约涸谙愀弁辽土L，]有^尖沙咀有g}利t院。,1
证实是假的了，香港都没有这家医院。金庸还健在。。。话说，官方微薄把没证实的事情发出来也真够可以的了,1
假新闻多么可怕。。。,1
假的！香港没这家医院！这是在咒金大侠！造谣者可耻！没道德！,1
明显是假的~某些傻逼媒体都不证实一下就乱传,1
假消息！人们都闲的蛋疼！没事找事！,1
金庸永远是我们心中的大侠，我们要学会淡定，必须学会。。。,1
太好了，刚看见两个名人发这消息，以为是真的，还挺伤感。祝金大侠健康长寿！,1
这一天终于还是来了,1
怎么可以这么诅咒人呢~~~太狠毒了！！！,1
真够缺德的！！！！！,1
一代武侠小说大师的离去令人感到惋惜,1
相当geiliable!,1
顶你个假新闻..唉,1
证实了是假的,1
已经证明人还活着呵呵,1
金庸没死，是吴宏死了。,1
被死亡很多次了！,1
凤凰网21:13分消息证实，此条为假新闻！谴责假新闻！,1
X，虚惊一场，造谣人无聊透顶，其实该死！PS：新浪娱乐和头条也太不靠谱了吧,1
恩，刚看到了闾丘出来辟谣了，香港压根就没这个医院~,1
假的假的…香港都没这家医院…哇咔咔！,1
有是假消息,1
新浪围脖上出现个把爆炸性的假消息是一贯的。前段时间不是还说张国荣复活了吗？害得广大媒体整夜等消息。不过大家很欢乐就是了。这次大家欢乐的原因是金庸老先生还好好地活着……,1
才看到。香港没有圣玛利亚医院的。还有，尖沙咀是没有医院的。记者不是应该先求证吗？幸好，微博是没有谎言的，假的，一定不会变成真的。,1
这一定不是真的，那是真正的一代宗师啊,1
是假消息！,1
已经证实这是谣言，谴责发布这条消息的人。,1
屁腰了，假的…,1
闾丘露薇表示，金庸昨天刚出席树仁大学荣誉博士颁授仪式。另外，香港没有这家医院，造谣者也太不专业。乱Q钤煲スD人正菁溢P,1
谣言。假的,1
已经证实是假的了,1
金庸去世。。。,1
证实了，是假的...,1
不相信…+1,1
证实是假消息了！,1
已经证实是假新闻啦。。。,1
真定假(⊙o⊙)啊！？,1
已经有人证实金爷当天在参加活动，并且香港没那个医院,1
假的，已经被证实了！,1
被去世了~~~,1
一路走好金老先生！我的龟宝宝也是这一天走的12月6日不是一个好日子,1
唉打了自己一嘴巴啊,1
金庸被去世，微博的传播速度真的很快~,1
由此对这两字多了一份印象：胼胝（piánzhī）~,1
